"","kMEllow","kMEown","kMEue","kMErquoise","kMEey"
"YWHAB",0.906511693710521,-0.0116718243861522,0.286197366506051,-0.068510705331783,0.0195830983811879
"YWHAG",0.812290775229086,0.0365602580150804,0.522933331153073,0.00832796518782356,-0.0708067931576459
"YWHAZ",0.993542450042675,-0.0581626157704443,-0.111266897660264,-0.0510529576011226,-0.0345438469723182
"NT5C3B",-0.0713578331427491,-0.216502987145642,-0.236959985383382,0.392011756798278,0.736409129754438
"ACTC1",0.981406566688186,-0.108901382786811,-0.118211974029677,0.0271366021035704,-0.0372447975920672
"ACTA1",0.981442129771354,-0.109117261487172,-0.118491380025369,0.0273390311657672,-0.0369699309679709
"ACTA2",0.981452146951645,-0.109178812350217,-0.118571046542473,0.0273967568298081,-0.0368915392340354
"ACTB",0.987013071511584,-0.116685652894707,-0.0750173660161264,0.0343073608869512,-0.025727067270532
"ACTG2",0.981445833497799,-0.109139980245641,-0.118520785220931,0.0273603375297945,-0.0369409973082338
"CAP1",0.0399608716897505,-0.207712698631599,-0.560666590589177,0.189022611921838,-0.18740561645297
"ADIPOQ",-0.153301292552199,0.274913280478871,0.251638932210439,0.145563519982002,0.74327271636517
"BST1",-0.139298854832131,-0.0607114200522746,-0.0762806023791963,0.132022752024275,0.882843376246876
"AFF2",-0.0810580611788667,0.0415905457030564,0.0381779535396853,0.683334742112778,0.153219653154018
"AFM",-0.267703756975658,-0.184003771927964,0.260563850711465,0.798171978123279,0.46985687297414
"ALB",-0.524035242193417,-0.0712220257885566,-0.482282791198066,-0.469337451371937,-0.240118068427899
"ORM1",0.637351248915943,0.402265690268337,-0.255104893795196,-0.0647137675412478,0.186523502373026
"ORM2",0.394619094904832,0.5253284271837,0.143782681624209,-0.203646338489915,0.0332014421162611
"SERPINA3",0.295330682569907,0.2881837157359,0.00660021537359347,0.623447333314754,0.00609966159177435
"SERPINA1",0.260767849498954,0.691553000038507,-0.0673725022136183,-0.208893502596765,0.159301567631056
"A1BG",0.234980163255836,-0.13161861324834,0.586275188875536,0.451208634225721,0.407676535611156
"SERPINF2",0.315063130275984,0.0587480595767617,0.257346556063285,0.384168101721015,-0.0189699030643687
"AHSG",0.191872898711071,-0.326390814972341,0.656777796751513,0.265534919607349,0.34702608755368
"A2M",-0.200747168060264,-0.18138040683985,0.663755841867225,0.484367923364601,0.0667698897962602
"ACTN1",0.987627280110457,-0.0531577419291725,0.0179192213842173,0.0345143821659558,-0.055107092285562
"AMY2B",0.320516531816083,0.0425106874836069,0.796612944792271,-0.0249197722939009,9.36673213167609e-05
"ANPEP",0.107752982297623,-0.312599604550838,0.164221825798355,0.149156965547869,0.870980583547288
"ACE",0.571029958201264,0.589770049853931,0.532552150230177,-0.155581114365268,0.0847426327893616
"AGT",0.733752722456974,0.214420134464002,-0.250486883396729,0.183630505637381,-0.0848043174762529
"ANXA1",0.138183319003138,-0.0823693044506098,0.192152600208902,0.34424885293902,-0.189912605037834
"SERPINC1",-0.168231968464876,-0.295881464256988,0.38263476771825,0.903226827490593,0.122196959435599
"APOA1",-0.178824648008625,-0.332569133160947,0.681290541651027,0.545088202350498,0.133062785793712
"APOA2",-0.119763240699859,-0.680222433613861,0.166320868147299,0.476139119008595,-0.0448278735211381
"APOA4",-0.31627239640534,0.0465189666834321,0.45851571025789,-0.16960217368813,0.206330022639451
"APOB",0.0162008664200078,-0.147463013366827,0.263311964508894,0.809531448239236,-0.0990196306192838
"APOC1",-0.129718253174862,-0.20847167155388,0.727771674395758,0.429168392679647,0.051541523524356
"APOC2",0.471100867094627,0.00329329687523566,-0.0640317845112174,-0.0288333800209982,0.0549449309122133
"APOC3",-0.0481589032020965,-0.232228130726627,0.794343356754764,0.308373667858139,0.0888400102271765
"APOD",0.037261408343614,-0.0453181167535912,0.799772555971133,0.410215804034531,0.278662711538247
"APOE",-0.159013426932123,-0.142053528175219,-0.0596648525919261,0.85582831029943,0.121634423643206
"APOF",-0.0948062915589048,-0.0684553780719705,0.414123756302924,0.371147287750627,-0.180975351017043
"APOL1",0.0368514884186233,0.407213389114414,-0.353366451615449,0.286539557030876,0.0413692788683288
"APOM",-0.0732262832610285,-0.220648944694791,0.290270265822396,0.433538095456274,-0.0415579817249941
"LPA",-0.117284952247407,-0.118813038533206,-0.0332557631762432,-0.00166266931738484,0.116034261389898
"RECQL",-0.479473639744568,-0.0774713865432053,0.0118721314776013,-0.388093573081639,0.0628238173228674
"ATRN",-0.305179706405715,0.75779925884407,0.442622480078483,-0.0254932397895068,0.20207706382366
"SLC4A1",-0.307914187136835,0.81397832874276,0.131254211192192,-0.214394622086672,0.144194912427591
"BBOF1",-0.207188440347218,0.894197478497211,-0.0912151061509874,-0.269427673813047,0.217995514402895
"HSPG2",-0.105689561160886,-0.136291729821784,-0.207942808871394,-0.258356150615801,0.860449184791923
"APOH",-0.52007956419171,0.0405724104164705,-0.372526703422524,-0.583397800604064,-0.324157902790792
"B2M",0.0951915417317446,0.517992231443342,0.21891725328654,-0.107643893105825,0.154003171316946
"ACTBL2",0.935170674775352,-0.126324811289635,0.252893793045578,0.0812311961860607,-0.022279372181409
"CNDP1",-0.320345063701266,0.202230155951328,0.607098571411439,0.74305756647293,-0.0974495834308721
"BTD",-0.150369955958094,-0.0210330642252643,0.386578685102783,0.776778263153055,0.0615841463122375
"C4BPA",0.235689809843838,-0.204181969024357,-0.0905882283396684,0.829706601747576,-0.0939408615688539
"C4BPB",0.0899861382541124,-0.0864731512307817,0.0810116856350957,0.961878073343199,-0.0622276155334053
"CDH20",-0.015567074732636,-0.302257255618022,0.0189443610766708,0.269818771689272,-0.243993896536115
"CDH5",-0.31666720944181,-0.471308693508493,0.145386771840576,0.145487575624363,0.327987647874473
"CDH7",-0.0148475941135537,-0.302122165357825,0.0164611639400775,0.271018310575598,-0.242889753787891
"CALD1",0.297428363638056,0.753782420456478,0.573505256168597,0.0295727542034936,-0.0362595665659705
"CALM3",0.97600250478556,-0.0919267084367663,0.127911388368629,-0.00446513834291234,-0.0573483163145769
"CALML5",-0.00405782226273616,-0.0454513642279648,0.000733067122570309,0.577203437460445,0.650629736984515
"CALR",0.95520531082474,-0.123197022409727,-0.074126003328366,0.107610436609136,0.0738081600990286
"CA1",-0.275827757999753,0.882057215213648,0.304780747157376,-0.130954976233009,-0.0462119246249993
"CA2",-0.0608551860761831,0.779010018257651,0.40564126573256,0.0168748553677597,-0.0839334600868616
"CPB2",0.0918970738644795,-0.215707413964813,0.0581563843303864,0.93959297417362,-0.110102093597829
"CPN1",-0.456928632131954,0.161057428572197,-0.267707865026114,-0.152085073052295,-0.631149497411589
"CPN2",-0.158198991991158,-0.0836669069065315,0.154699686182017,0.959632351135137,-0.0846738037190583
"COMP",-0.0916190518852463,-0.0365749037560064,0.612349371769612,0.350600706155974,-0.140824767969714
"CASP14",-0.215767325714391,0.940363452056651,0.135562566513192,-0.209887414286531,0.203660603782111
"ALCAM",-0.0493374916233736,0.215130750299844,-0.113455006362518,0.364502233025488,0.0982824198357228
"CD44",-0.229998965788227,-0.141161846887759,0.845486960873559,0.0854814612728936,-0.0438390678846983
"CD5L",-0.287696896451293,-0.319967489742101,0.595775079373863,0.54409321081905,0.0198329027146199
"CEP131",-0.0832114774725719,-0.227598231014552,0.101887728995981,0.479843326301863,-0.0348272165381206
"CP",0.163232377854589,0.395718572219855,-0.019939867009004,-0.022182737700633,0.17929157670731
"BCHE",-0.131857219664235,-0.128760377456504,0.32356441649648,0.724832656520679,-0.0754473188218866
"CSHL1",0.0157298719789069,-0.048079282538867,0.597007606908243,0.0286400579967763,-0.425879075692271
"CLU",-0.572204662642464,-0.0289088504903484,0.196838122809554,0.555453144565796,-0.218841276931904
"F9",0.000943356888391619,-0.115828051602581,0.28747508565528,0.894774198019289,0.132875971993494
"F5",-0.167166109094932,-0.0492443167314612,0.786471291920877,0.301188439579159,-0.0648467682925958
"F7",-0.237407986928477,0.431677359559955,0.828057439101365,0.475137209774359,0.00797141701950688
"F10",-0.130229610940614,-0.198962127245743,0.0487462420993357,0.932300260691967,0.056957042709482
"F11",0.0994243173541251,-0.199915825480388,0.11524490212148,0.969699711795641,-0.0757029331672509
"F12",-0.0422804443082742,-0.131772363303697,0.0830343661106944,0.963058473329493,-0.127578865422614
"F13A1",0.606163979141961,0.415618718065744,0.292765647273883,0.325504964694202,-0.235063491295082
"F13B",-0.232059360491387,-0.167442601862279,0.344747862167043,0.42567597959796,0.128480172387376
"CFL1",0.974336621396435,-0.0366245312748541,-0.123968126798851,0.0187763132434251,-0.0114053479282858
"COL1A1",-0.116585645801084,0.285962372770959,0.731611335658601,-0.0448036286703119,-0.291829097605982
"C1QA",0.0188239771179174,-0.227108729060013,0.243765403066946,0.97177811889198,-0.0789784472733217
"C1QB",-0.190792499962975,-0.137109341382168,-0.261297602712692,0.233487732080036,-0.057946151295262
"C1QC",0.0427170609379939,-0.253083050420311,0.140029538322241,0.953762543568691,-0.102390805404359
"C1R",-0.0655489096821118,-0.213979352607156,0.134167295693908,0.734988587725749,-0.157847682860584
"C1RL",-0.431205855767169,0.388255108354459,0.538697200869836,0.452281864169068,-0.0436364495592964
"C1S",0.0541060398209658,0.00631780849218795,0.185857840941805,0.808213427578435,0.253846960418527
"C2",0.322613145589974,0.0585558961029681,0.0547098996458112,0.591232039507101,-0.0866673114431434
"C3",0.460743503781988,-0.251661485560904,-0.0131235041938965,0.663470036039839,0.0547312876685508
"C4A",0.239883404156169,-0.221534849341194,-0.1008882027139,0.780427788083432,0.300698636442042
"C4B",0.00396343609063404,-0.156634641459114,-0.0417297867370975,0.832020004427939,0.0118958169289156
"C5",-0.136308046431644,-0.0881488956974638,0.215980904932733,0.954673671176501,-0.0376349951582735
"C6",-0.0226372001085827,-0.109549396726859,0.352485788237301,0.90421940663762,-0.0561469560101597
"C7",0.222453186182164,-0.281325927319409,0.171636193415435,0.632726764325176,-0.183228775187775
"C8A",0.0960110191288721,-0.204194202873699,0.273453361667361,0.966672760460063,0.0137361983527039
"C8B",0.0405708599407474,-0.132828095681547,0.232177765145615,0.921886696186336,-0.133014203500247
"C8G",0.10046125954919,-0.0985078692841898,0.30400438240938,0.965856236562685,-0.0223524202995822
"C9",-0.071621445810056,0.0849954637127576,-0.0267822053590902,0.742317131376225,0.0447042663220353
"CFB",0.20503232043572,-0.0561165504511448,0.185275875334621,0.734383387454098,-0.0426268808980906
"CFH",0.082919652557146,-0.019050846591283,-0.107639616914422,0.829661162669737,-0.141026230068425
"CFHR1",0.178209785797936,-0.370514450568638,-0.458634492399112,0.211255055979375,0.201207538957716
"CFHR2",-0.301111491680208,0.627551042364473,-0.287516354908863,-0.194525945523059,-0.0249682324791708
"CFHR3",-0.216827146717393,0.057125264676279,-0.168943176519669,0.628921569854982,-0.211534423619596
"CFHR5",-0.347904333945265,-0.160882369374273,-0.283457053505198,-0.293057549836551,-0.247798127815216
"CFI",-0.0727875493824935,-0.0634877730760931,0.0187796727126877,0.928394935189577,-0.138249931948904
"SERPINA6",0.127205777555031,0.0497502812441809,0.123053538558264,0.373236817456158,0.298836563184318
"CRP",0.0672547667119074,0.971209243759374,-0.0158236862709368,-0.213753995671568,0.152520370612135
"CRISP3",-0.269111887117174,-0.225605829585265,0.459355332893651,0.268619235052017,0.195433818896739
"DCD",0.218435251337092,0.867567962131992,0.163766926147876,-0.0186468131136542,-0.20259197262394
"DSG1",-0.117105674076926,-0.134654018088893,-0.0594177854433449,-0.194071624198788,0.396826424135897
"DKK3",-0.226760200985389,0.488098395998876,0.690207839571398,-0.344537920052602,-0.0527398881046448
"DPP4",0.0996279175439636,-0.349906997762654,0.0339003389964439,0.127525298695127,-0.466797061066834
"DBH",-0.197888558845593,-0.138756101459598,-0.197133123752769,-0.306573339020424,-0.190196747068082
"DNAL4",0.14443191140231,0.0353199054478783,0.83674148529339,0.146237700719205,0.0174214234658805
"MSL2",-0.127465710889646,0.176027032875671,0.348375264800157,0.13025117370968,0.0930558616200038
"EFEMP1",-0.00433634685947103,0.0878453972403733,0.903966366511629,0.550795546312638,0.166095054827047
"ENG",0.117905723938353,0.755007755854772,-0.105898732168943,-0.395496193916967,0.207806598806762
"PROCR",0.0872432488164101,-0.310413571654092,0.209092936291024,0.257895111007241,0.297279090274237
"SLC1A2",0.0567360216574207,0.618086569309637,0.52486383237029,-0.0626660200194596,0.18541836725957
"ECM1",-0.303444316920738,0.246821384089939,-0.306027358642542,-0.262861330637337,-0.313214948300546
"FBF1",0.0621768861123219,0.744017089366845,-0.0167519001424816,-0.187915512348458,-0.000596368482652709
"FBXO30",-0.162204587923737,-0.155824230270173,-0.22579353636967,-0.0733075571494348,-0.0149616398783381
"FTL",-0.00733856439220592,0.231968769277846,0.0304862686010449,0.766939933586997,0.0396181433391071
"FETUB",-0.488507816161488,0.125026431673624,0.180326771465575,0.270466255591316,0.306142264563142
"FGA",0.21045293868051,-0.200899318230503,0.0167134839212955,0.914505864526285,0.0397888234189479
"FGB",0.225687684750486,-0.112618473472804,0.0670863039012326,0.885799144674681,-0.00542229077473965
"FGG",0.14207273488984,-0.185099028701397,0.196186670046489,0.862392770506488,0.0100138694855882
"FGL1",0.118305027532116,-0.0544357494643884,-0.101559749059317,0.591335864245309,-0.234888300896921
"FN1",0.0861539741158019,-0.258927819791342,0.0167678708373068,0.860328272044279,-0.0309524721639239
"FBLN1",-0.290578007956482,0.357355733444528,0.475846044240304,0.539412428015919,0.263014292703217
"FCN2",-0.350216538060153,0.599984506949661,-0.0443831409042448,-0.564683481788227,-0.123765416811598
"FCN3",0.0595367605702623,-0.367483805586541,0.262846809347786,0.534082304881936,-0.0931529628867795
"FLG",0.116841571481779,0.790098509396704,0.0823358561361823,0.365451768158077,0.0529503965348218
"FLG2",-0.297989789916858,-0.00209172069332256,-0.276038880038986,0.496654872530186,-0.281974745017675
"FLNA",0.710140339740137,0.136020301607363,-0.141810163417971,-0.0292129993327892,0.201484834054361
"FLOT1",-0.114645849771121,-0.227796707365652,0.117321386814173,0.537861811304413,-0.0666651890952188
"FMN2",0.100597977645202,0.215289501628221,0.237168616018343,0.480517942967331,0.536700900512152
"CCNE1",0.839811484895468,-0.0248738870170057,-0.110854660125855,-0.0668187931326467,0.00593016125854468
"LGALS3BP",0.126714610102363,-0.0987326389146408,0.601642837158868,0.555985977974421,0.0643235969924326
"GSN",-0.157206181395606,-0.24209951413443,0.609370380959963,0.789485288149976,-0.0451029818423597
"GPX3",-0.212639476760337,0.0310713532779065,0.350156134630933,0.585282321394464,0.553895084420629
"GAPDH",0.134913216460621,0.423726158993809,0.402319449996317,0.408923548439097,0.0161236909513581
"GOLM1",-0.086569370344352,-0.0140590949525912,-0.420755507642792,-0.351637801270795,0.118674926552033
"GZMH",0.336359676591653,-0.273769303788698,0.0537116849721472,0.857321121246832,-0.150928938256997
"HP",0.487976691293815,0.0543148479942872,-0.569282301220232,-0.391373883020711,0.251367662642993
"HPR",-0.106560375369968,-0.0404499703567454,-0.227600753219677,-0.0509777249246392,-0.218154903080704
"HBA2",-0.342743550268818,0.488364595707268,0.184606453153291,-0.0453126131168275,-0.175397817750458
"HBB",-0.210865998983868,0.627422958805701,0.544937624895735,-0.102728057151809,-0.117508996518318
"HBD",-0.095479002159028,0.307183149915589,0.847292269040702,-0.00930538825039343,-0.169626736834848
"HBG1",-0.0200130950019816,0.542835141431012,0.374579144036292,0.148605826875527,-0.0325245164464081
"HPX",-0.0438474142046303,-0.219476566874772,0.197219451507901,0.965188933955275,0.12139482187638
"SERPIND1",0.140944933243573,-0.283351272650568,0.253815341279919,0.681688839050214,0.0653168695267774
"HGFAC",0.000787991380895982,0.0315772976603493,0.766988046070117,0.538201032475359,-0.209636921778145
"MST1",-0.201113251369644,-0.31414495862774,0.0396496168038362,0.717037279206934,-0.261214548958376
"HRG",-0.250878570559832,0.0318356614091831,0.583344114832754,0.333597521004832,-0.139646516179784
"HLA-A",0.0195952447367627,0.0525021836570395,0.909817701664933,0.0495146597547774,0.0177510100072221
"HRNR",-0.148727928246755,0.0983679728715074,-0.383345519511323,-0.334294001401362,-0.307667968532066
"HMMR",-0.00115919951925765,-0.34054228206341,-0.202345533927407,-0.15556817340351,-0.430864486121375
"HABP2",-0.0324744795128654,-0.0579908950924042,-0.103280395761823,0.740752779172042,0.114699795962235
"FCGBP",0.0163251154108594,0.880192239763935,0.390937689614934,0.0873105260091515,0.0812085575661654
"IGHD",-0.135265943874009,0.973655408394555,0.065936024599426,-0.0792904620051678,0.0836412476648026
"IGHV1-3",0.606643246989437,0.0866033163754307,0.000190603411621215,-0.00451159897789075,-0.193363418666126
"IGHV3-11",0.0628330275248169,0.502935811189673,0.532820198380493,-0.130277346439869,-0.382206016541967
"IGHV3-15",0.420707396010805,0.482241195704143,0.330382650968057,-0.0428435662539518,-0.361305564516584
"IGHV3-72",0.464653911836382,0.380083600781487,0.4419953595488,0.167534633044744,-0.152560506971678
"LOC102723407",0.19725517377045,-0.112887574844295,-0.0967027320529632,0.491313389487416,0.0187527127562558
"JCHAIN",-0.164820131730447,0.0052425941571836,0.671626900747629,0.283095812844363,0.18611707548864
"IGKV1D-33",0.0896277436067902,0.625597208535055,0.29083003852807,0.244262824530376,-0.206241171813903
"IGKV2D-28",-0.0797396047482599,0.800692978378632,-0.0379707492460093,-0.354214826076019,0.0675279132940994
"IGKV2D-40",-0.180209045187064,0.436036641029691,-0.168339713394433,0.053590588227004,-0.357480520839192
"IGKV2D-29",0.780932955325262,0.0351370090661137,0.0922629002587218,-0.391485361648891,-0.0388501511468301
"IGLV10-54",0.96617667661037,-0.0887247232082487,-0.188829263002512,-0.0532131115865989,-0.116643965852745
"IGLL1",-0.447963539515056,0.307756317188721,0.731884957690735,0.0423136654494098,0.0159101611666786
"IGLL5",0.154085195324608,-0.24763772718431,0.237982631806867,-0.102049828073074,-0.26974413354318
"INCENP",-0.0139661017114722,-0.224387137755499,-0.0572353000702268,0.238439218885977,-0.100516835919522
"IGFALS",-0.0711438494092092,-0.0951975152937777,0.427782563850588,0.904063460683817,0.0656841217454121
"ITIH1",0.017840838524839,-0.416861487772455,0.179720365201872,0.842470752727249,-0.0352195946021494
"ITIH2",-0.0851083193320214,-0.332661933605887,0.266457829809543,0.926372468871714,-0.0526885909532333
"ITIH3",0.403705061606186,0.364256797451287,-0.163913278460013,-0.0798990318020261,0.197542604884051
"ITIH4",0.30645453716745,0.0689699562342766,-0.0604454813330659,0.374240920883875,0.119630166682763
"ICAM1",-0.118269106983053,0.0462981124638392,0.938637475636319,0.0170713161169338,-0.150338858620906
"ICAM2",-0.0441310476323991,0.263603472162314,0.750074583500011,0.0955708972740084,-0.0980622876552529
"IL1RAP",-0.201470622247415,0.794255647043719,0.00417945716031572,-0.382467787197811,0.00289106495712611
"INVS",0.278667658725645,-0.15551754185528,-0.0464658445462361,0.466539882903066,0.211895129370283
"SERPINA4",-0.213687397763721,-0.0200961426917282,0.616678766012543,0.848935210669189,-0.0978958648777278
"KRT31",0.0539101090339912,-0.22547020044969,-0.167519013521068,0.674178654587586,-0.109843740794397
"KRT10",-0.239356764050258,0.618279636689993,-0.330446454553802,0.164642620135156,0.195999566659214
"KRT14",0.698078734345334,-0.451305334220836,-0.0971189463466589,0.069823453503174,0.257819285410097
"KRT16",-0.21340577067478,0.735239766207766,-0.136153965272453,-0.254038474298428,0.549518878453503
"KRT17",0.548320322369166,0.699938124195863,0.290044002762419,-0.319065706501541,0.0278451026309755
"KRT19",0.923052921693895,-0.267068192120882,-0.01542969950445,-0.129580406049073,0.00865111121934896
"KRT24",-0.230197270170385,0.73908191704806,0.157791762499106,0.0147958245974436,-0.0116294921966318
"KRT25",-0.0886996722365385,0.665768593750613,-0.295644507697755,-0.0520899420438215,0.0264657206751872
"KRT26",-0.159157583858427,0.43459570202613,-0.34180343238205,0.0382415136569765,0.00480507295879057
"KRT27",-0.0886996722365385,0.665768593750613,-0.295644507697755,-0.0520899420438215,0.0264657206751872
"KRT28",-0.0960300417195317,0.707191501071329,-0.285462375258855,-0.0636101684275376,0.0757405967258833
"KRT9",-0.046105192507608,-0.0251388731073934,0.0969933435106682,-0.283709194840042,-0.405831775012036
"KRT1",0.116399171586075,0.0639656025066686,-0.426302801935629,-0.0730770946108366,0.749179226768406
"KRT77",0.247168570971196,0.161616017714292,-0.016780137820195,-0.077981606685087,0.812167263509101
"KRT2",0.0360437836669857,-0.134822626728527,-0.295284924346501,0.0223658414628935,0.910892091437354
"KRT4",-0.265829886627362,0.0482809179042585,-0.257204249514147,-0.189247751073955,0.866617380205136
"KRT5",-0.265511510009995,0.403930540585043,0.460452400729035,0.184095486240095,-0.277072176457143
"KRT6A",-0.328942179478663,0.759382993139419,-0.0155483473415603,0.299006836172119,0.0295884669146787
"KRT6B",-0.128059587211524,-0.172345423527974,-0.278059729330378,-0.191788786793404,0.830703920447187
"KRT75",-0.0286507606154026,-0.210849761890007,-0.261514046714261,0.198672175946172,0.888446738336306
"KIF1B",-0.226753261515759,0.219855608142879,0.278757233274159,-0.378900572284125,-0.317876671452327
"KNG1",-0.0531127408429877,-0.244248435378479,0.300371366499319,0.630232581297205,0.276459048439023
"LMNB1",0.133771325665001,-0.0908197917177939,0.70773030711211,0.110741751499634,0.0702171761148389
"LRG1",0.0398777161073555,0.52686162532649,0.0726816063470547,-0.304276758145465,0.231177775601841
"SERPINB1",-0.0892881642278709,-0.0364311739991552,0.15610135311382,0.783114795808458,-0.192082383673372
"AJUBA",0.314779741004409,0.25061133185674,-0.463344876296154,-0.482996363796748,0.346279324273294
"LSAMP",0.106909989863188,-0.243133542408563,0.264126706858433,0.811247284311095,-0.311027636192149
"LCN1",0.027737826058044,0.92097793620322,-0.000611890715309336,-0.120941618244131,0.160821005707545
"LBP",0.508983920216471,0.170096578248157,0.19089449905326,0.488193343437974,-0.0120333297534872
"FCGR3A",0.520051942652121,-0.287705873159457,0.359060468082659,0.469150379055407,-0.303576798950776
"FCGR3B",-0.05469902602728,-0.0317912916779662,0.300320269738666,0.526770231213143,-0.332597223863863
"SELL",-0.349497205640537,-0.141437703295187,0.284672893217292,0.0288442775525179,-0.239745976695509
"LUM",-0.300934353316285,0.0812272726113127,0.801653912347664,0.162160286414552,0.358320457700497
"CD58",0.114430455997743,0.334377382047441,0.809924261728479,-0.149096289122429,-0.118283248051786
"LAMP1",-0.0713239132949003,0.335127391911056,0.797570681648908,-0.13218693675221,-0.178865045523769
"LAMP2",0.178039160065294,0.355843582481388,0.586114547991203,0.183557999271683,-0.0584073322865393
"MASP1",-0.155471927698924,0.511696984281057,0.291112564617769,0.0366348098765749,0.333574607547521
"MASP2",0.363823133525731,-0.0536176815729849,-0.0235667691972119,-0.138647253754768,-0.182347447856476
"MBL2",0.416754511912112,-0.28415393512002,-0.00406106607346199,0.4955820680605,0.105795120999694
"DGCR8",0.00475312620619363,-0.099285134738523,0.285363987824887,0.0971936861033142,0.421072878630073
"CD14",0.18305133166525,-0.152384400670555,0.509326313613952,0.481446413227285,-0.178198537487478
"MMRN2",-0.364411855550154,0.498843688486428,0.775266265333321,0.219225404209287,-0.14546881129768
"MYH13",0.390339327810844,-0.232546721825242,-0.345845838090121,0.0624221227717754,-0.246509560586483
"MTPN",0.867805206808564,0.0536864805095748,0.0322335265515023,-0.337746307911005,0.0480105532791975
"DDAH1",0.079468712203117,-0.151171288407862,0.108309205908514,0.576662598223058,-0.00624008949339471
"PGLYRP2",-0.203635651277196,-0.327739730768363,0.456663779932729,0.804440085245778,0.142674560257182
"NCAM1",-0.388126856346293,0.0829465760070465,0.873661405983836,0.323281579766083,-0.0684330266638958
"CHL1",-0.0269060038621338,0.197191997549649,0.467795597508063,-0.0382586652695164,0.794094457223301
"DEFA1B",-0.219999199604304,0.364101673792624,0.0893704675206507,-0.0500782373864535,0.870670056366769
"DEFA3",-0.219965405463157,0.364121419910746,0.0894376828278025,-0.0500278109503593,0.87072456795916
"NFKB1",-0.0976016798680109,0.680593579424043,-0.13335774740618,-0.408997617347626,-0.232121679028059
"AMY2A",0.321260695980608,0.0416106778845529,0.797413238271794,-0.0233280018295897,-0.000354104747728356
"VNN1",-0.0295065594097097,0.257518465300489,0.555516855155179,-0.165440950873212,0.00325471120549109
"PI16",-0.136310257221812,-0.0702230089394509,0.818754808430103,-0.00802208725981098,0.0816239131520535
"PPIA",0.0464837468511521,0.0143184292911823,0.0731391614215321,0.74385698218048,-0.0410666604672501
"POSTN",-0.269233883150185,0.420111629147157,0.694695719679709,0.0311517157032402,-0.050011661053312
"PRDX2",-0.118764245621942,0.595422660427065,0.795344002518473,-0.00704347397901853,0.0123875073466354
"LCAT",0.00883929946862024,0.0984761265516875,0.89878187475262,0.155795329585912,0.0350493539494929
"PIP5K1A",-0.111317761447102,0.221481308860705,-0.22303141032118,-0.0858541933380542,0.946050838726295
"PIP5K1B",-0.110546085447108,0.221462835633722,-0.223127896645458,-0.0859298219536444,0.94611641969508
"PIP5K1C",-0.109796671460628,0.221444764022819,-0.22322145724544,-0.0860032106957886,0.946179535301554
"GPLD1",-0.0695679633187106,0.0584110601966104,0.850659904704985,0.381197683643018,0.255524017843954
"PLTP",-0.302131168970107,-0.0667698557970483,0.285088357803292,0.813985439405088,0.041290191969882
"SERPINF1",-0.000226650311348418,0.109761086602162,0.54761229700334,0.817654200567392,0.193768884403794
"KLKB1",-0.0574953037384285,-0.178404272761049,0.250343411179639,0.946523261602826,-0.144265125220122
"SERPING1",-0.367168447850706,0.0347899264127423,0.229709432287124,-0.29651659312997,-0.0828111579326196
"PLG",-0.0832392427812092,-0.206114749045888,0.255891487156672,0.978478878017059,-0.0864349294917939
"PLGLB1",0.178893746934484,-0.268526246995153,-0.0751204055452519,0.576987632033503,-0.205188135830963
"LCP1",-0.431281049510552,0.613435026513948,0.217588576791355,-0.450409037845462,-0.19150578995458
"PLS3",-0.28426711785025,-0.383653389901607,-0.134007127785913,0.443166886780759,-0.0443668582669681
"PPBP",-0.233237759364736,0.775142372439181,-0.241175006452894,-0.443683419837764,-0.111536037976343
"PF4",-0.0165890442484366,-0.342888737775241,-0.346620888544379,0.0151107515060787,0.42359225563151
"GP1BA",0.10428691809126,0.468212308501622,0.810276299956576,0.1472842652008,-0.116306500661499
"PVR",-0.277081647078664,-0.324925904146832,0.139015075863688,-0.368009595904541,0.353420501137262
"PIGR",-0.210707004720785,-0.172078945060591,-0.109303427262919,-0.110693775107303,-0.207908023534033
"KCNRG",-0.232312311368096,-0.175029323466165,-0.102640645593341,0.65340206649202,-0.159703005017314
"POTEE",0.991254104303913,-0.0944707544117691,-0.120744467029611,-6.04152693182772e-05,-0.0214639274210188
"POTEF",0.991700414586972,-0.0935283812403454,-0.119984442133812,-0.00240242067897691,-0.020211837839821
"POTEI",0.992559432682764,-0.0923657668304043,-0.126983863176577,-0.0120776372320451,-0.0198210801409684
"POTEJ",0.993128360287721,-0.091036289160108,-0.12684848877649,-0.0165521624556763,-0.0182227083461928
"PZP",0.564078092720914,0.210380259541793,0.365474624291386,0.0401341327046208,-0.21557436507195
"GPR27",-0.391855864377306,0.402594277323377,-0.132281933484792,0.319483153882263,0.162817834749878
"IGHV3-16",0.306935850250907,0.220322217491735,0.641643521521752,-0.204514077617211,-0.198089621853919
"PFN1",0.989604619773025,-0.0917079463566028,-0.124078487831898,-0.00676910071531042,-0.0540001373270045
"FAP",-0.109875887318786,-0.0401503499857399,-0.173450301482956,-0.0125837678045281,-0.364986273003176
"CFP",-0.433348659098532,-0.0422206505656434,-0.472743420129603,-0.423824469246998,-0.453641716930254
"AMBP",0.345993121699635,0.00332063769094668,0.057753930080971,0.794326161711272,0.300351988705179
"CRAMP1",-0.310261771642914,0.820090381124756,0.260689921127712,-0.289853805351692,0.0339483924538192
"P4HB",0.709351761278033,0.140896059301983,0.0949583351575671,-0.11196854236517,0.00178141771439468
"FAM81B",0.0265551423390534,0.31098309410266,-0.50116500354148,-0.410293742037945,0.488701043598124
"S100A4",0.22599671611762,0.943033045982128,0.0478155353279964,-0.202410318050371,0.184931979628134
"S100A6",0.450446995135337,0.757049034947,0.482240466162386,0.0187154016521764,0.119671478900546
"S100A8",-0.101401037659619,-0.137124381570493,-0.168879023691911,0.419771038100418,0.713498837428245
"S100A9",0.00261561876808402,0.248393339030168,-0.350852275550126,-0.239460031385992,0.589166865311302
"SERPINA10",-0.201068524100826,0.128490916908972,0.257477679237532,0.893534588905624,-0.0546317222597636
"PRG4",-0.147449779358801,-0.0590388095841908,-0.0575741961267952,0.915995136126192,0.19593840789582
"F2",0.166664656276059,-0.233863048720503,0.163237010040758,0.950161250732097,-0.0683224786296489
"PKM",0.519536601933936,-0.0354816289499303,0.240842502175776,0.51857954731909,-0.183230602769096
"AKT1",0.337667004443919,0.123833969803499,0.750694084120517,0.137785926590071,-0.364943557216905
"AKT2",0.337667004443919,0.123833969803499,0.750694084120517,0.137785926590071,-0.364943557216905
"AKT3",0.337667004443919,0.123833969803499,0.750694084120517,0.137785926590071,-0.364943557216905
"RBP4",-0.440194165443362,-0.098994633612253,0.115482474091365,0.7633964013163,0.044291832985346
"CD163",-0.483261564303092,0.245430577157457,0.597732443989567,-0.0869220996123454,-0.112823867115982
"SPP2",0.237156311761805,0.0600170190276243,0.343809957496385,0.491493148666776,-0.0683875205457426
"SELENOP",-0.405496421490089,0.306567299659831,0.259334642664254,0.686049154429847,-0.149934468386488
"SEMA6D",0.0292690596441098,-0.228141789183209,0.35042084018083,0.850280664321856,0.0885293524994472
"SRGN",0.547471445105138,0.321326577743574,0.661785298390496,0.118375085551577,-0.134804441680355
"ERN1",0.458227839744096,0.160408235534173,-0.332309320521132,-0.244445188236769,0.633786073407982
"TF",0.00543454235645415,-0.299737677597847,0.68006675396635,0.13615576333144,0.120974498421664
"SAA1",-0.0509351415197128,0.967248410393759,-0.00491095486575427,-0.19731590566569,0.191380288969933
"SAA4",0.0075777936527021,-0.0734916573110016,-0.136238601034646,0.138394512594807,-0.123952281063154
"APCS",-0.0547081871738417,0.385041093259349,-0.62579955607899,-0.20038173824131,0.118300030749536
"PON1",-0.497346951199949,-0.122640976197465,0.181116630376426,0.69923443504528,-0.0693276507676278
"PON3",-0.305352323366965,-0.189150364351171,0.212410100942763,0.225051019462428,0.0616528444098772
"SHBG",0.0142640114091835,0.0800287499568449,0.892059433207927,0.0236030917208993,-0.130352148816212
"SLC24A2",-0.132793769495226,0.474065765691701,0.197646748031034,-0.0641284017415539,-0.134935462398373
"SLC2A2",-0.204390653814254,0.0644535658097734,-0.0642165291325922,0.229196321311382,-0.355092751496534
"SPATS2L",0.367146139605114,-0.192144728726491,0.228961160783921,0.711873125124857,-0.0693164578844667
"SOD1",0.390342077646186,0.639801484979738,0.303593910778877,0.261896400210418,0.109254394759858
"TLN1",0.96085370341334,-0.124738687395996,-0.0725769124899812,0.0350404596731408,-0.0228218081546333
"TNXB",-0.179227710289293,-0.00915550921015986,0.944133218075785,0.202520546578633,-0.0811558936507277
"TEX28",-0.193155494148134,0.864959137625706,0.315842376086599,-0.13872086200538,0.167406885549249
"CLEC3B",-0.394427815332253,-0.160238687277745,0.574986679970818,0.525780885981982,0.0844375587534998
"THBS1",0.201665159880641,-0.330004170585763,0.648142801088399,0.721328997104101,0.0583915530871342
"THRA",-0.298416490655865,0.434012151487525,0.564300814845922,0.0283649314085286,-0.0699380692483846
"SERPINA7",-0.0909913488847638,-0.0255821381710834,0.707841190634678,0.600559112156148,0.0337839719745602
"TGFBI",-0.0935499527043318,-0.119962205166957,0.0458502370233416,0.541317605949353,-0.226909883599514
"TAGLN2",0.9414647293104,-0.0935201587496682,-0.111506565653184,-0.0124222525205559,-0.159623951967353
"TMC8",-0.0972398662623483,0.105516660506367,0.935094849246128,0.047560304022043,-0.0459169632230016
"TMEM198",-0.458620323489639,0.502206188150109,0.172120819033351,-0.544753909696844,-0.181296182475797
"TTR",-0.37689672233096,-0.181715841365692,0.389132004207607,0.428819336244661,0.156502380492824
"GART",-0.247018865965393,-0.0848821725592016,0.778661808089864,-0.138986789859153,0.113573395945472
"TPI1",0.968484064703006,-0.117018981862356,-0.0462167556820174,-0.111346644611296,0.0907673369053206
"TRIM46",-0.0688080441558878,0.0627303260027761,0.464095043328608,-0.0079713435842476,-0.307562536607752
"TPM4",0.925253981788698,0.00893176820757153,0.0132614270329265,0.0944942376934847,0.0631742557853754
"ZSWIM9",0.145677212914281,-0.0494756775603287,0.46647356421628,0.109099374044153,-0.0968976324818273
"VCAM1",-0.599968699066192,0.0582149459433492,0.0238074386559127,-0.131773284941258,-0.0060930903394725
"VASN",0.904349793592768,0.0537563021737856,0.193674462281795,0.180815392453957,0.119387898373588
"VCL",0.930424998793485,-0.125562939741233,0.0943368167129793,-0.0500270018704483,-0.060486445492608
"GC",-0.278615898766316,0.183949806173105,0.351532695136391,0.109696314793863,0.261391317110628
"PROC",0.0333570015667648,-0.199346657635752,0.144568796107915,0.701780516565557,0.211312943833481
"PROS1",0.2545033905238,-0.0648229905748872,0.176390758352463,0.929390320796863,-0.0320108464385836
"PROZ",-0.466091898258711,-0.252835432515158,0.252101865732413,0.424624313934764,0.222013915651834
"VTN",0.0784167187382255,-0.362615458644251,0.0213481464393321,0.759816319100063,0.255456187955964
"PEPD",-0.146924657589492,0.97557698795659,0.257570906847048,-0.129866557173814,0.0939621316916059
"ZMAT4",-0.0728335281665217,-0.110869977846982,0.165103004622946,-0.29108087636516,-0.0848204625259499
"ZMYM6",-0.304276565127303,0.0913580254342494,0.338471716007838,0.153524642520918,0.270764206064415
"AZGP1",-0.030182620376592,0.266287185397619,0.331243299519682,-0.0352418881364553,0.583950614056828
