"Gene","cancer_subtype.x.1","cancer_subtype.x.2","cancer_subtype.x.3","cancer_subtype.x.4","cancer_subtype.y.1","cancer_subtype.y.2","cancer_subtype.y.3","cancer_subtype.y.4","Ctrl.1","Ctrl.2","Ctrl.3","Ctrl.4"
"YWHAB",2528233.128,51366.19836,224691.8301,291199.4747,224691.8301,224691.8301,34084.42197,157536.9851,71581.50411,25528.64781,1175953.008,224691.8301
"YWHAE",0,0,0,0,0,0,0,0,0,0,0,0
"YWHAG",2896307.047,506891.1163,308817.1314,308817.1314,267178.524,14105.78022,43925.8306,174868.4116,110669.9145,355975.2135,2200262.191,518904.6927
"YWHAZ",69891314.6,12111210.74,849060.4316,1609564.782,2430832.03,1754296.664,1718628.222,1066703.861,5542567.585,2134476.139,2651783.93,2904500.489
"NT5C3B",81006935.87,628197727.8,328833308.1,145812585.9,68459560.66,867280000.7,88401541.59,32796218.87,73276833,110141598,51903294.28,100020440.9
"ACTC1",30763444.63,10724265.59,1725137.946,3158305.95,1725137.946,1725137.946,1725137.946,548763.4348,1200604.501,1998569.678,1741819.642,1638189.736
"ACTA1",30763444.63,10724265.59,1740202.577,3158305.95,1740202.577,1740202.577,1740202.577,548763.4348,1200604.501,1998569.678,1741819.642,1638189.736
"ACTA2",30763444.63,10724265.59,1744497.439,3158305.95,1744497.439,1744497.439,1744497.439,548763.4348,1200604.501,1998569.678,1741819.642,1638189.736
"ACTB",848239758.1,286265236.4,39417694.31,37837695.2,45478247.86,50193932.48,14928010.81,24462120.07,27373992.24,46442728.38,82697444.72,26031920.26
"ACTG1",0,0,0,0,0,0,0,0,0,0,0,0
"ACTG2",30763444.63,10724265.59,1741787.851,3158305.95,1741787.851,1741787.851,1741787.851,548763.4348,1200604.501,1998569.678,1741819.642,1638189.736
"CAP1",703204.7586,352920.3227,994140.7307,680825.1026,543294.4965,535094.8351,541569.2943,934728.639,543294.4965,543294.4965,108035.5327,409812.2328
"ADIPOQ",19137200.13,16774139.45,26861720.81,30198418.96,19772004.12,37265884.67,17238803.29,10016554.73,24576792.21,15879937.52,27082322.82,28658996.54
"BST1",509315.7647,129034.2522,1237777.066,275634.6847,137300.4994,3587871.699,55711.88745,816713.8846,629688.8307,1345400.402,625011.488,699455.488
"AFF2",10656584.45,7965566.368,26282416.5,8298971.972,7693418.019,14421533.77,10375359.46,10786679.97,14431129.7,5651423.527,11489323.79,10430355.39
"AFM",170082374.6,311845569.4,588017497.4,295385768.4,197969449.1,468291989.6,227274633.2,147653501.4,260797844.6,277065502,354205822.8,208590531.2
"ALB",1.27e+11,1.87e+11,1.69e+11,3.3e+11,2.16e+11,2.01e+11,2.94e+11,2.99e+11,2.15e+11,1.91e+11,1.32e+11,2.11e+11
"ORM1",33724123865,14403127207,19686197639,8022212173,25139040432,20160842367,13798812755,13706994936,21604270197,13680994548,11960942021,27075885154
"ORM2",4645821664,2355710271,2573800186,1646919596,4409189924,2658954963,2237200256,2033530414,4511597148,3378224413,3487351633,4937981994
"SERPINA3",2622430777,3063903607,3202195354,652230225.3,1696630715,1850445210,1737814445,1204263964,2940533547,1813083789,1891800571,2713613769
"SERPINA1",47482916345,24921031855,34581209646,32225293524,38139004326,35263309792,18945028628,37783193830,36122598150,42764043726,27133541801,60588107097
"A1BG",3107797506,3035005621,3067155940,2391399889,2687677576,3245151521,1775353343,1890727680,2956949995,3463985297,3658083089,2532725121
"SERPINF2",715553528.4,422681167.2,750590111.2,693506419,382338404.2,492216637.4,393369946.5,527457774.8,549368961.4,646469379.9,555864171.9,558312498.4
"AHSG",3858045185,2471661534,3909254691,3900148142,3507759859,4016497113,2718599171,1780453755,2948721681,3401001028,5183656985,2129605236
"A2M",68067632783,62469165553,1.09e+11,82850272912,75258295119,76383684901,56815757674,57992150295,86689498876,1.2e+11,1.11e+11,65523896254
"ACTN1",14378003.18,4528622.579,786819.3036,533075.8996,429373.9266,316391.3511,506620.5403,428273.6075,297329.0333,300310.4853,2665120.038,1102425.829
"AMY2B",3101590.651,484330.9991,1138803.741,681014.2978,1166360.243,1166360.243,1166360.243,1166360.243,1166360.243,304095.5205,6528025.526,1166360.243
"ANPEP",3582955.599,2291486.442,2636590.934,2238216.404,916447.8311,10911566.5,1524006.535,377749.4031,720671.4305,3597216.86,4947236.785,6165.173365
"ACE",523938.0731,66999.19804,151260.6024,151260.6024,140136.1524,151260.6024,126775.1703,123415.2033,151260.6024,151260.6024,476753.0387,492745.521
"AGT",922047272.6,519739279,590146458.9,391368867.8,250464390.8,400886959.6,612722843.4,360783290.7,603411841.6,353200076.3,325543214.1,575649447.1
"ANKRD50",0,0,0,0,0,0,0,0,0,0,0,0
"ANXA1",1093621.763,2666037.769,954430.1724,1103811.163,1199479.203,616722.5964,1316662.9,128639.8975,1135107.634,1103811.163,1427922.783,1103811.163
"SERPINC1",738923256.7,1362217844,1700527033,845655634.5,699037470.1,1081123551,758733281.8,610006835.3,1113992217,1244238759,1261754450,663819363.8
"APOA1",11100149881,14335470262,16752461883,14599262263,11065852620,14151619492,13612093987,7681742399,14904826905,16490763459,19947944255,9562663165
"APOA2",2084893821,2477318169,3051886776,3119161940,2432911990,2306578338,2698341598,1570082571,2138434318,2409153785,2532950471,1104545619
"APOA4",368265816.6,407828061.1,476376170.5,1759431296,762538400.4,857327224.4,289891259.8,423079007.4,492746643.9,1430018178,1156997074,933254569.3
"APOB",362059550.1,689113381.4,753410346.5,270869733.7,240088964,318940014.5,360867424.1,140782688.5,665708028.7,367114175.3,528227972.3,280975993.1
"APOC1",4030256.962,6157371.977,13192618.48,10307273.17,9456446.453,6460850.09,2504880.91,477053.9508,8036471.514,3313418.282,18845013.92,2196536.836
"APOC2",46655137.98,9795964.002,27619596.16,29622209.66,20363713.46,24001754.85,23849451.92,7773139.408,50412185.86,5968245.767,22523584.93,18118018.28
"APOC3",326184855.9,512118039.1,392827220.4,286967485,349979158.1,418114832.4,260864999.7,355736107.2,373335421.9,439077035.8,778049659.7,274816149.9
"APOD",167750999.2,160651195.2,219773630.7,147387706.5,155480818.7,202690326.1,137582318.2,44302101.08,210099458.7,178786782.6,340017481.7,145299210.6
"APOE",16434842.4,58135149.3,101622499.7,10672999.69,16103155.79,47682231.6,56364498.54,7847117.814,35164852.6,25253685.49,24403749.04,21080766.61
"APOF",124865402.8,138924700.3,177908764.6,157764564.2,115976736.1,77288909.5,74634715.72,73395485.99,195212453.2,279504923,163181112.7,129295429
"APOL1",173970381.3,84261205.4,304075998.2,97394273.22,171634645.9,158184682.4,232552749,104836336,179526338.3,43665313.47,50203978.81,241960862.1
"APOM",29623833.79,19782769.71,47737728.42,31372428.05,20080298.36,26470779.12,24858240.78,15193583.14,57085083.86,46348973.98,36469410.3,17441368.64
"LPA",3923673.803,2310607.215,5630589.281,279959.1678,16589787.56,6991987.222,1735759.001,2315291.383,2916161.269,22257510.5,1528729.107,5306948.238
"ARG1",0,0,0,0,0,0,0,0,0,0,0,0
"RECQL",122799.1754,257071.0113,891612.2367,1612178.844,3114622.675,1599940.843,1712649.07,1612178.844,141507.263,1612178.844,1426244.479,1251097.435
"ATRN",279691899,335270923.7,448897747.1,477317810.9,456769168.2,441494948,395760300.3,218598061.5,425361569.7,674603703.3,595852132.7,965325354.7
"SLC4A1",359028.1713,218302.818,782687.266,1371677.797,798874.9812,798874.9812,1242943.102,216807.1419,798874.9812,798874.9812,803015.0109,2498848.861
"BBOF1",67919.98666,36101.02974,142080.7851,136787.1876,339547.5965,243239.893,134833.6407,137292.4991,138209.0213,109152.6949,52298.59894,847789.0741
"HSPG2",289136.3032,360004.3751,25192.65686,369326.3849,758602.8547,1898800.259,416464.3646,385566.5585,5248.516486,369326.3849,369326.3849,369326.3849
"APOH",104595340.6,250033405.4,190813723.7,643051082.4,421628889.3,330223947.4,832566355,787840972.7,524058742.5,285363347.4,270360625.6,457052130.7
"B2M",6483961.845,5421842.613,3233293.957,3909552.341,1658153.142,5578599.03,1758785.724,5302727.748,9240495.054,8931746.695,6309110.384,9989342.985
"ACTBL2",76712624.3,27165899.99,14010006.93,13744485.97,12520604.98,10693309.67,5162650.651,6744394.244,8734065.937,7882564.033,37398543.64,7318815.915
"CNDP1",2457877.061,8822326.182,24692576.27,7393344.417,6871797.488,5317255.451,8304875.272,5379505.057,4744970.463,10358392.1,17977266.39,12706464.76
"BTD",41304511.36,53607314.33,67413101.8,48981906.11,27923163.79,46340042.8,48648533.68,31283537.49,55334986.94,54896176.15,54341527.14,45536619.37
"C4BPA",528415429.2,927318065.8,865645616.4,156244566.8,205495256.7,289679005,234196699.1,179868387.7,491617343.2,549248702.1,199906464.2,251026746.6
"C4BPB",22887349.57,37365132.21,59064638.26,9927813.206,7045039.345,15239934.93,13548748.2,8829114.704,22290745.09,27380353.01,15664103.45,16570154.13
"CDH20",209850.026,533460.4267,338555.9358,346650.3805,449602.3262,178388.6287,194949.9487,303564.2348,57655.56206,85430.64963,303564.2348,159742.0107
"CDH5",1015951.647,1002730.793,2307439.896,1654465.637,968977.5948,3008889.943,2163533.007,2462929.626,1530400.983,1462308.608,2532478.222,362539.2424
"CDH7",209850.026,533460.4267,338555.9358,346650.3805,449602.3262,178388.6287,194949.9487,301673.6684,57655.56206,85430.64963,301673.6684,159742.0107
"CALD1",2540291.329,1347464.082,1665062.278,1302679.523,853645.919,671474.4955,1497175.987,685928.1928,1042983.306,604934.3745,3401399.657,4098595.26
"CALM3",10700050.29,2432172.581,466115.3068,465626.8067,466115.3068,296300.4875,466115.3068,466115.3068,466115.3068,211455.983,3293034.485,276772.0761
"CALML5",1192384.82,1239546.729,2243354.144,1055285.532,836746.2229,2333268.908,701548.4671,1078736.292,1032236.036,648874.4478,1228075.284,1097710.86
"CALR",5582378.245,1205414.535,1598204.865,242936.7066,1123442.341,1357995.279,1042598.273,236946.0389,1452057.949,700649.7939,1117209.657,505974.49
"CA1",8677748.051,37929963.13,27151599.7,51004457.69,14036931.33,16068322.3,22654539.94,38513866.25,31662146.96,21274033.09,54543148.75,123371270.3
"CA2",3871939.726,9819618.71,4191844.886,5575576.771,2800557.705,2126357.647,3905681.714,4905332.737,2450851.074,3783457.606,9879447.183,16730925.86
"CPB2",5063382.826,9947817.598,17714605.37,5157256.147,1155650.827,1824721.858,1025193.188,508534.1332,2865277.536,3680175.142,2296945.431,855276.1537
"CPN1",34317107.76,44874581.55,60955070.86,70965867.77,45136964.92,27169664,72352399.43,77915046.98,62834382.31,43757328.26,39701500.17,60363435.45
"CPN2",62845318.77,168486602.6,348188976.2,61862073.09,47781876.19,83945883.42,89697421.41,79776426.44,85231097.78,135627577.4,106192695.8,86835994.03
"COMP",3038284.29,659100.3361,7333865.587,2197083.051,3214593.939,596969.3465,163514.5782,110943.2827,8952277.924,10270162.57,9010115.421,2534884.848
"CASP14",1367253.895,1203509.097,3423104.481,3501925.511,5589612.627,5499512.934,1612344.463,3954838.265,3326821.534,5585613.229,4865924.486,23893601.68
"CD109",0,0,0,0,0,0,0,0,0,0,0,0
"ALCAM",9463004.496,14212344.6,13423889.68,14276090.59,10197450.52,10732772.1,10588611.84,7938721.637,7671908.776,5564457.627,8836784.695,12858730.96
"CD44",2121781.327,5949797.043,7758185.508,19464404.6,515543.692,5707614.15,4438035.705,7993873.134,3657279.214,14622646.21,31282271.65,3998862.839
"CD5L",176848943.1,551368203.9,432173564.6,331474726.3,277293492,356008874.9,279361059,316163978,250283900.7,340025269.4,594601194.2,219808612.5
"CEP131",12527130.74,12418177.44,44030040.33,49759019.46,8848950.987,11158761.06,12948233.43,2872270.443,3492585.991,5051280.583,12276221.79,3616560.8
"CP",10534564893,7957361385,9432070210,5239570022,11722134045,9825443288,7774138884,7073589890,13027280568,10073738527,8881527798,11838903932
"PDE5A",0,0,0,0,0,0,0,0,0,0,0,0
"CETP",0,0,0,0,0,0,0,0,0,0,0,0
"BCHE",31400257.12,159630183,101763870.7,58386981.98,32232766.4,47134250.72,44392935.04,18838730.32,74150957.54,78593937.15,91110877.57,54136178.31
"CSHL1",71568.19753,77950.3204,71568.19753,113548.0562,71781.10012,33001.15074,71584.47596,71568.19753,33756.13566,69525.24102,112572.2975,69442.94412
"CLU",652607309.1,955146024.7,1636630022,1315835509,941079773.7,905042373.3,1244432960,915218057.2,1235928191,1061273087,1118591584,1016624224
"F9",8060906.182,24538129.43,23737724.94,4112278.828,3528342.627,12573368.77,6246000.467,5600551.494,5847030.027,12985500.34,14857298.54,8829940.325
"F5",17972205.62,8556169.79,44491434.99,26372102.83,11357620.1,15681806.11,25888414.55,16083896.86,16021341.13,74424007.6,72762245.99,23173728.71
"F7",85853.78132,124254.4517,259577.8068,124655.8614,82490.40721,107104.4635,124655.8614,78489.69021,121985.1728,210216.2754,318967.8076,254459.923
"F10",16269886.69,30066511.76,53509015.13,11716060.73,20230430.72,23550261.58,19820999.94,10720984.67,22894857.73,29690792.7,17873756.31,15172645.78
"F11",12379217.63,29550024.12,48696605.78,1047857.444,388684.4955,4921059.723,2947655.049,981473.71,2053503.977,17659852.7,7523981.686,1858820.308
"F12",69334808.52,222337265.1,322003182.9,57590600.42,27001125.58,52158361.7,38464860.78,51842016.14,90671557.83,126376148.7,69001701.25,64143681.56
"F13A1",75714550.42,33204433.07,57044844.43,32171127.26,16098550.99,10348037.56,26871220.06,27544845.16,27273036.49,48993979.47,41210678.52,60828258.25
"F13B",28496119.86,14553250.7,57902875.22,35999528.02,20920873.81,39105535.9,28024274.04,40377727.16,25324716.8,53121973.36,41597218.22,25939845.56
"CFL1",8030461.185,903935.2744,1433006.856,646331.013,521761.0038,686075.7167,514655.1179,611802.6766,646331.013,646331.013,349455.6941,772413.3817
"COL1A1",4571050.883,3926578.435,4042002.873,5877686.172,3479653.192,1428456.076,5265115.261,3386908.588,7601420.556,10055693.29,10743614.88,7747046.996
"C1QA",25319705.58,72057790.61,100133851.1,7419333.738,12648499.88,19457633.93,15202305.48,8935479.566,19270638.24,49254241.06,38357856.81,11088193.71
"C1QB",15171623.45,83085791.92,31343607.3,27739723.96,6677972.743,36279325.69,64951940.12,40056571.25,9444373.947,66816504.95,11327121.74,34866693.88
"C1QC",45733893.64,102304151.2,129119839.1,20963435.33,24559583.28,35613969.89,26486122.17,32365720.55,40187885.95,70635745.23,47739726.13,23512194.67
"C1R",109876201.6,463691940.9,319661299.1,87434286.62,63959762.46,121262277.5,243449265.5,100639270.3,107676672.2,277939134.3,200343532.3,125132629
"C1RL",29935297.05,49668246.31,65538165.06,38493310.87,29496732.63,43729387.44,46220864.38,44165918.36,64909185.6,61432206.88,67628269.04,64666295.65
"C1S",189851553.1,298339637.4,288294936.3,150129406.2,173096270.3,222926045.2,116479525.9,117145341.4,221638016,227317183.3,201517300.8,206151592.5
"C2",287561552.4,291658090.2,315504447.2,105489169.3,140112748.2,166116582.1,215877948.2,82826909.66,353867209.2,246776153.9,198994391.1,215736308
"C3",27316752474,27459934912,29971098725,7115349802,19075319086,18361218429,18472249332,4758109806,22538571555,12001981278,17605197614,9988800093
"C4A",146178629.1,192182025.3,240096391.2,53461661.49,124789061.3,170122910.8,127695709.4,22755973.65,72173843.22,88862515.5,85467765.11,76208512.14
"C4B",2598707389,9190459492,7442655955,1666370838,2382999826,3444553971,2409361893,952611321.9,4401735788,3185719805,2534072144,2593223149
"C5",89025741.11,228945926.5,398228283.2,104629753.6,68901827.55,112225960.8,60436893.12,97842191.06,97403885.44,210310873.3,139387745.4,119929518.4
"C6",289638218,548580767.3,697160020.3,158039783.1,241137217.2,271985201,285401482.6,201607271.5,229010321.4,538312814.9,430010858.8,299205256
"C7",207300580.8,516062791,251765179.1,162352469.7,49518402.1,80613904.72,124316567.6,91779964.09,75896433.16,236076169.1,205715103.4,86618471.17
"C8A",101219240.9,188043940.2,269738035.6,49378207.49,24734797.03,88865861.11,47939907.38,56663662.47,48908414.51,118240180.3,125764671.9,49718709.36
"C8B",25244552.96,70241961.32,86059987.5,10715884.73,6041174.675,17438248.27,17171773.6,25626925.45,10621945.29,27119230.22,39413870.83,19093731.01
"C8G",70479437.98,119495671.9,187737739.7,25043601.74,19654745.06,52739315.14,32576627.62,39979483.16,38253256.49,76683104.54,88834785.48,48407481.52
"C9",235915436.2,533161109.7,541700725.4,93638980.51,253815943,298402196.9,125631828.4,270081126.6,313654890,431533818.4,212612166.4,365925773.5
"CFB",1691420362,1864910936,2405126039,838472784.5,1091257544,1146922112,775315775.8,1298629902,796468080.3,2287323930,1300281334,1383460428
"CFH",741408756.9,717343608.9,1260088425,482242700.6,532633087.7,581196605.2,616901424.8,657399529.4,726843578.2,722369098.5,500193722.1,641090267.6
"CFHR1",43436212.82,37542762.17,42947496.66,15860638.26,38427202.76,48092101.96,29648754,40018432.03,53001084.14,43523736.09,21746276.49,21975088.65
"CFHR2",2691259.266,2363852.57,6277661.726,4177916.646,8757708.124,4710044.288,4392842.464,4933713.724,13191719.9,3938804.899,1201906.35,13264032.05
"CFHR3",12504586.41,22680880.15,25002877.8,11143298,14556991.12,13563399.83,15297445.08,14465371.24,25781061.92,16593847.9,12562226.19,17144945.6
"CFHR5",1073014.974,2121648.253,2274633.874,2766253.373,3528756.067,3562463.361,3568796.708,10228877.86,13673330.08,5329739.356,2468955.224,1650526.201
"CFI",24228260.72,51121512.36,80555541.02,12177957.97,27174335.63,22956086.88,24862857.81,25755789.34,26495882.04,32937899.93,24221183.82,27957728.16
"CORO1A",0,0,0,0,0,0,0,0,0,0,0,0
"SERPINA6",642590889.5,760370800.9,658462792.3,536717571,627018796.8,693070537.9,497533598.3,308380406.1,879400067.1,645643362.5,635745206.6,636906433.4
"CRP",298736287.7,30940010.28,46041875.16,14327717.89,75458075.99,148778676.7,34942689.07,85635734.94,181527787.3,67627111.63,8614519.914,1456005884
"CRISP3",7200384.925,8390742.964,12916190.29,8751783.107,14059794.44,11975681.05,4044071.991,8533639.121,10409539.97,18762922.96,14289038.53,8029339.659
"DCD",973307.3916,628406.0292,698469.7767,385806.7046,628406.0292,87248.48612,628406.0292,290647.1897,896926.0675,628406.0292,674148.8238,1860234.094
"DSC1",0,0,0,0,0,0,0,0,0,0,0,0
"DSG1",645468.4036,110542.7961,464547.5952,4369893.303,466456.3847,2358257.763,133962.8504,466456.3847,32036.5081,251653.8507,423900.6371,505844.2777
"DSP",0,0,0,0,0,0,0,0,0,0,0,0
"DKK3",102336.562,81146.24976,71098.23984,137420.0483,194061.3838,113538.6261,73645.42085,192747.7068,187010.543,218005.9954,358495.6454,296937.6441
"DPP4",6381344.281,9786241.319,7275678.645,536080.5853,8996371.655,2287189.08,11066155.59,8602601.654,7310258.144,156498.4248,10026142.17,604069.6815
"DBH",748269.8109,556736.0926,292958.8591,4197997.132,393973.8138,871921.7131,5170980.415,425495.5865,2932012.379,905784.6595,748269.8109,624713.5136
"DNAL4",2603793.335,2849364.272,2094272.615,1839783.247,1925922.973,2169030.161,2824483.025,1261481.559,2222229.605,2026135.442,5604908.265,2314907.006
"MSL2",14044604.28,17473942,19734035.84,21710628.67,985896.4851,17377670.78,17473942,1692413.686,7667087.011,98753553.71,29245325.97,44371578.24
"EFEMP1",2445346.867,2269834.042,5689866.112,2772315.55,1142542.246,2712788.934,975386.9806,131173.5554,1359909.098,3659636.614,8135127.92,3014255.916
"ENG",10060509.47,4566326.009,2626239.123,615754.8697,13913748.45,9522179.712,10959291.49,4329646.188,6844017.839,5643157.357,6083084.028,22329512.34
"HSPA5",0,0,0,0,0,0,0,0,0,0,0,0
"PROCR",2006944.867,3078841.93,2168684.676,5508651.05,209357.1362,2963777.484,270537.5193,402409.0213,275801.0896,881964.9127,2462688.797,309888.9073
"SLC1A2",2882803.902,333725.7404,2492307.496,2598202.037,106810.3993,2659746.003,3731873.31,681060.3033,3173378.885,779181.2929,5423689.314,5373616.927
"ECM1",476861.8463,1485556.688,2302254.655,284948.836,1367328.779,1485556.688,5922746.996,7526461.598,1576212.273,315329.1344,1485556.688,3992665.261
"SOD3",0,0,0,0,0,0,0,0,0,0,0,0
"FBF1",7085570.683,4317740.572,3295211.306,4088149.013,3550005.066,3390410.594,1995006.244,2994102.351,15680927.05,4303881.529,4011337.694,16710726.33
"FABP5",0,0,0,0,0,0,0,0,0,0,0,0
"FBXO30",5246836.85,3653723.714,15686771.07,7884018.435,35693970.95,11197521.76,7972037.531,11222106.41,3583838.923,385768.094,5170794.755,5507933.113
"FCRL3",0,0,0,0,0,0,0,0,0,0,0,0
"FTL",1082922.73,911052.1915,5127330.499,1133522.401,55663.76287,856409.8241,73367.25121,662131.3687,310929.6413,125813.2258,283824.3579,1932306.706
"FETUB",13266535.24,25587628.34,24488972.9,25064466.47,22755197.84,26460652.71,16597202.18,13426518.02,32330822.35,28571152.67,22990073.81,25843827.83
"FGA",3316659570,4136807666,6204755010,1355481711,2858384287,2640141712,1881321558,1276653587,2140210973,2659048843,2155076530,1816896515
"FGB",3537131604,2753495146,7217698516,1318353480,1923920982,1976003739,1097230939,1272750177,1614070886,2706882902,1691503876,1646068903
"FGG",4878025228,3916023538,9770687885,2453247451,3598357942,3357463985,1900670332,2066976868,3127902793,6051697165,3646427867,2509140465
"FGL1",150621.9104,75306.50171,301732.5825,109195.702,110042.5007,29120.60488,45888.42486,119244.7541,26147.6997,186307.7614,8969.268777,96829.04609
"FN1",112023102.6,395251346.1,385613366.1,149779846.1,52823038.41,94259073.43,37084035.39,18667005.79,18925354.36,57163592.52,76759132.86,27905078.02
"FBLN1",6143423.543,3262925.684,30071019.57,13657806.84,10757114.35,14924881.68,3243924.304,2758291.611,15467542.8,17230062.12,18550788.87,21054297.27
"FCN2",7991784.172,3938427.98,5981666.287,15058562.41,9466050.82,10144987.67,20225064.35,14541737.79,21258139.53,14198631.18,12070001.51,24302296.7
"FCN3",151488678.4,221853802.4,167168526.9,124079796.8,96778247.12,149441817.8,163210056.9,146860502,163903185.2,195506589.9,184458553.4,117033451.1
"FLG",115791.6403,28251.56362,231371.9255,18128.86567,12453.58201,36091.22929,36091.22929,36419.0328,36091.22929,35543.2232,36091.22929,300855.4494
"FLG2",315277.6777,769890.7152,5178693.178,128854.5628,769890.7152,769890.7152,2409020.321,3244603.101,2010051.169,769890.7152,59357.47164,1172702.222
"FLNA",5515131.753,2505212.641,1238414.244,656474.171,2541091.939,2337167.286,718897.0119,623520.5492,1972837.379,4094154.756,779567.265,3029922.222
"FLOT1",8357875.091,11745705.9,39759087.38,41934346.2,4576332.89,7487584.025,8659371.589,3053868.865,2751520.863,4491847.855,9925790.108,1972883.764
"FMN2",25541738.29,2791981.552,50577153.87,10965236.54,17546457.8,40926073.74,9257731.148,7787246.005,15781611.08,4329464.289,28701332.44,26103140.78
"CCNE1",297416.7823,119837.4052,120810.2453,42360.69248,207077.8255,120810.2453,120810.2453,93544.87238,120810.2453,112048.8677,120810.2453,120810.2453
"LGALS3BP",117627290.7,58488144.41,173991520.8,99972838.98,111541775.1,95225337.48,87888888.8,58027187.61,88650349.19,102878423.5,152770347.2,80849322.72
"GGH",0,0,0,0,0,0,0,0,0,0,0,0
"GSN",167915923.6,266750488.4,568533013.7,280354059,105868401.4,195866914.3,164213758.1,172938434.7,134173294.8,397528342.9,445687752.4,127118219.5
"GPX3",4981233.716,14639686.28,61909615.93,11100547.32,19730753.48,54831293.91,6287805.996,6305766.685,10784168.73,799151.9001,43611667.81,19977881.68
"GAPDH",3328925.008,767968.737,5940788.413,2760139.723,2760139.723,1654949.796,261123.2817,2159803.704,819300.4585,909692.7182,3738229.577,4412670.125
"GOLM1",16777592.5,37162795.1,2427974.267,511918.2835,38830582.92,44132184.78,69991954.37,31087967.12,20705900.13,2051088.964,17151252.39,26294992.55
"GZMH",3912251.612,4206113.762,6557790.759,1942682.78,142828.6647,1180771.808,1699678.832,1609794.192,673546.2697,2086506.847,1729704.518,521730.2326
"HP",1.48e+11,1.11e+11,22755160660,16330093293,1.11e+11,1.3e+11,92226411523,96839905426,1.14e+11,52242139687,35743720927,94622367231
"HPR",328337365.9,102601272.3,1268525083,175793270.1,328507827.7,176795197.7,7146475222,124315198.8,448445068.8,86003824.9,101408618.8,469907292.9
"HBA2",1813452420,5468608669,3964617889,9500370036,1704453723,2056827043,3398678562,4427466174,3474478242,4462754430,4359431763,8679519513
"HBB",4779510146,7226458557,5430597031,11221652283,3306052363,3908900988,4963154747,7005214510,5071725701,7774369941,11086458727,13869451345
"HBD",51419304.33,63799526.26,52651507.3,116705786.5,24146762.61,24151358.57,41838721.69,57577344.15,54152089.92,63766132.69,174269967.8,103717296.8
"HBG1",12264647.43,115748454.7,11605789.31,15715528.8,14233017.39,9585759.121,10427772.79,8825292.151,16819049.76,10453574.7,77383537.02,110786628.2
"HPX",3376356417,6342600775,8032968722,2569080362,2744961240,4492022150,3227687603,2614573935,3115662030,5134961884,4294873239,2982794933
"SERPIND1",179899287.9,471666550.3,259499076.3,100439948.3,99926962,199371052.6,130361324,100620432,128389137.9,215395702.2,266120586.4,106662689.2
"HGFAC",13633784.36,13733712.88,25464313.95,15518277.66,15730512.7,7261466.932,16468853.31,5966886.339,8039095.772,13445755.25,28623228.09,14162734.54
"MST1",1009549.353,1316236.264,5252007.76,2211434.989,1316236.264,825735.7721,1961537.057,1196589.951,2630915.378,1181456.735,1457756.437,82036.11602
"HRG",52670842.51,68916485.91,123990133.4,147639910.9,64443839.59,54212679.1,66750752.19,65031345.59,46099406.9,55520209.4,129590600.7,79673174.86
"HLA-A",1127617711,1371691315,789419930.1,1296732053,1045458541,991994244.7,1192079210,219832461,1262091132,980590476.4,4874215587,1260551492
"HRNR",5107712.823,7802563.747,3294827.371,2120918.145,2989234,4486677.417,4609268.999,39511601.88,12507205.34,2435212.519,867529.8767,10988327.66
"HMMR",2029664.754,1691264.962,1982847.255,3051237.847,3298570.2,423523.5814,6224895.56,2094029.466,809328.5548,48770.7167,1766645.067,16040.23598
"HABP2",109124157.8,54253150.35,515293966.8,74356714.33,120760064.9,158725740.9,58290410.9,81756672.73,35657704.02,28910462.62,12709261.01,72067761.9
"FCGBP",8961899.814,13571528.85,11101021.84,8630687.901,4157439.392,6240793.263,6948262.938,3925893.031,4671961.683,3280704.782,17664636.8,34863751.8
"IGHD",394862.6801,438667.9623,1388110.39,727838.6692,604679.6167,543878.7079,1237589.062,309461.8607,559381.5957,490182.6047,602688.5921,7046369.872
"IGHV1-3",461113379.9,352840124.6,266282023.7,99432736.53,300996902.6,217796615.8,289114948,378844722.4,154515240.3,102998986.5,338663477.2,287832607.2
"IGHV3-11",13311042.26,15056947,10409521.38,15678810.76,9862740.138,4299481.491,9934853.836,17409575.86,8385025.4,7281388.215,22466113.09,21326614.62
"IGHV3-15",152764702,146047409.3,92787237.16,110001757.2,92838842.71,48508980.37,65900113.71,129555973.2,90848592.1,67964226.88,147126597.2,165251961.6
"IGHV3-72",174354202.6,97887072.1,152744907.3,56576380.53,148039878.1,82917296.82,106475947.2,107531680.1,95533257.83,74974733.95,178971964.1,155824279.3
"LOC102723407",26681649.64,54032403.31,33445132.56,33540525.3,11694697.83,22852324.67,7183063.628,23082117.03,12728100.72,6810815.161,17074300.3,20160792.56
"JCHAIN",273715561.5,381000087.9,372695540.8,232943441.2,323681719.4,389973790.7,254603384.2,374137067.7,324703424.5,300146050.8,550366976.6,327163728.5
"IGKV1D-33",192013210.6,238930131.3,260373654.7,168999300.8,178920995.1,92267835.99,113171939.5,216543936.3,72387474.53,81002678.37,236365663.3,349888554.3
"IGKV2D-28",4349991.626,4351107.661,2997244.305,7319047.237,9362932.421,4329679.964,2998260.175,4318782.513,4329679.964,436417.2917,4129890.295,15685579.36
"IGKV2D-40",23795631.21,79212378.65,45328316.24,60981594.05,22574797.63,8543457.235,25652860.36,76350674.03,19082818.58,32183866.48,17596828.9,86626549.52
"IGKV2D-29",9083436.547,3245868.299,851233.6718,2583685.714,4668797.206,3110006.384,4708089.436,3929142.562,594448.1508,2907297.417,5190993.832,3929142.562
"IGLV10-54",27901119.71,8025467.42,297852.822,44364.15929,14421.04403,101010.1101,3309301.08,4417702.064,116095.3502,61726.53161,382752.1421,1033313.534
"IGLL1",8465570.305,12124651.16,35220690.16,23826357.58,24085168.94,26778964.94,20060208.1,39857498.32,18603254.32,29166943.73,60934548.83,39300344.07
"IGLL5",15909417365,14125257291,14899691553,12003293260,18879422418,13367340890,12540953194,18793864524,13211960451,12677704171,18363670076,12286553528
"INCENP",111545446,105106583.5,241728468.1,460609209.7,65156865.65,45423321.39,91437611.08,13248878.73,25684632.52,3888170.954,21662202.87,15485034.16
"IGFALS",16336381.13,73373936.84,109842655.3,9808645.069,7770653.282,34877276.3,2188499.071,23073519.18,4095637.547,31964573.59,67052224.83,22407444.79
"ITIH1",653193490.3,1291039681,1186039084,506624182,760461348.1,695114407.4,532319823.3,494406310.4,664247225.7,932579628.8,809720562.6,417657252.1
"ITIH2",504411215.6,1492870753,1619464493,515345129.9,354688187.1,676841397.1,537479949,544603469.7,582372855.4,939516282.7,967037266,322794586.9
"ITIH3",545987107.1,237999003.5,302001120.1,159166195,362982401.1,373441255.1,250397977.1,136187802,665050510.9,295739936.9,231673247.8,480072901.5
"ITIH4",3022850484,2646520726,2933762559,878390965,2125811122,2288311246,2014860532,257470797.8,4357222190,1781809080,1853369520,2150227659
"ICAM1",345534.4909,534709.9942,430128.5492,534709.9942,569266.3684,227129.6708,534709.9942,534709.9942,425195.0876,865684.7068,2432530.274,636926.3201
"ICAM2",1509200.552,826545.5543,1660971.797,3120071.297,608526.5815,450757.7104,272417.2104,548806.3524,1775929.234,2776984.9,3331509.868,2385563.409
"IL1RAP",5747793.788,1717238.978,6414234.039,6451524.772,12341445.03,6482942.808,6708487.478,12496010.56,3247738.584,8709401.239,6689243.465,22795029.22
"INVS",10849217.92,5610820.523,15030417.4,3985080.775,10254307.87,10169547.45,11232832.55,1355379.724,6866134.903,1774536.935,7394586.766,4327359.015
"JUP",0,0,0,0,0,0,0,0,0,0,0,0
"SERPINA4",8677075.434,41910575.9,79132777.82,26605784.58,9194356.675,14298215.4,17674793.07,13129021.88,9324832.341,35935444.85,58857829.23,25140786.99
"KRT31",350677.9517,2724567.743,1338200.142,110256.8969,349662.3423,350677.9517,350677.9517,148972.1363,456433.3816,350677.9517,78882.52357,191771.3751
"KRT10",34864220.19,45365039.25,74700069.29,37461163.75,21063900.31,64741169.57,62427886.4,62228699.78,54484656,23217085.72,25089381.25,92063622.99
"KRT12",0,0,0,0,0,0,0,0,0,0,0,0
"KRT14",25786138.18,21284836.39,7631166.968,17297451.83,11315875.13,17000127.69,6500182.46,5930241.834,9462460.343,9359514.25,11037558.62,3262093.301
"KRT15",0,0,0,0,0,0,0,0,0,0,0,0
"KRT16",306512.2664,335999.2012,574899.8572,534452.2642,101064.1767,3741768.07,348727.5297,2164399.091,1148400.308,184424.5315,594965.6844,5021214.239
"KRT17",6210785.867,269827.1525,52405.51111,2401914.056,1180900.45,538061.5876,67920.45868,1180900.45,1192760.038,640493.3338,3553991.59,6924954.758
"KRT19",162149.2825,68124.41697,52405.51111,68819.41896,68124.41697,68124.41697,67920.45868,68124.41697,37258.77453,68124.41697,74644.40508,42912.21006
"KRT24",10266546.78,10367844.21,15001439.59,10230372.6,9363031.738,12058706.88,16588494.53,11498595.85,18347630.01,8160295.484,15260518.46,21353174.92
"KRT25",5214627.946,2693076.614,8764224.778,3666246.994,1145317.221,6091687.495,11706338.71,9252799.384,1962880.829,2037717.953,978208.9739,15584561.12
"KRT26",3387497.763,2338861.123,7731841.73,2925081.485,1049596.362,5239170.905,10139842.89,7687420.14,1151313.725,1970083.539,978208.9739,9081492.117
"KRT27",5214627.946,2693076.614,8764224.778,3666246.994,1145317.221,6091687.495,11706338.71,9252799.384,1962880.829,2037717.953,978208.9739,15584561.12
"KRT28",5214627.946,2904683.113,8764224.778,3666246.994,1145317.221,6896354.789,11706338.71,9252799.384,2143411.901,2037717.953,978208.9739,17136383.05
"KRT9",41707887.59,43361565.67,20002511.76,23985290.99,17634536.02,20388737.13,29254414.18,107930472.1,81064405.67,36943510.99,68899658.26,34070308.84
"KRT84",0,0,0,0,0,0,0,0,0,0,0,0
"KRT1",121638957.4,87834570.98,92536935.94,78438154.82,49808449.99,215377286.9,65030399.16,124582406,120671541,79340038.97,51695851.03,109177101.4
"KRT77",4663828.284,2119571.189,1908859.834,5496456.339,2098448.442,7732611.079,224413.6439,236451.2435,501145.5703,2098448.442,2098448.442,4400897.357
"KRT2",115590738.7,111053288.7,89883402.45,29925212.21,60371723.81,486946363.9,82585773.81,72580676.44,75967656.3,47990290.71,43081244.8,65906564.86
"KRT4",98819.2426,130924.5167,250774.7555,670246.2678,120811.5003,3623452.885,670246.2678,670246.2678,1285213.191,842677.51,254914.1505,1008861.819
"KRT5",2772568.001,8839094.745,6585335.999,3839527.016,3267719.647,3001761.704,2385785.444,9341893.27,7212590.832,4531412.494,10389610.86,9406548.303
"KRT6A",615778.2139,2247823.237,12044972.37,5017196.452,2292232.262,3166884.384,3234166.626,4148461.856,3610769.963,4409707.694,982567.3882,15837013.3
"KRT6B",573622.5901,589819.1976,184920.1552,600096.334,600096.334,6432497.866,966896.5297,2185422.823,313628.0522,600096.334,639088.5268,436710.209
"KRT75",1609017.574,2510424.489,3662918.055,679198.3022,932106.3505,12780125.98,1396268.148,126828.6465,1366956.204,117890.458,302213.426,35029.20356
"KRT78",0,0,0,0,0,0,0,0,0,0,0,0
"KIF1B",258221.0224,243805.6408,60576.19288,702681.1543,267029.4013,55027.16853,670075.7617,404967.9676,254634.4202,954027.6336,533376.4553,662695.0358
"KNG1",1506813855,1524098819,2214747947,1364221949,1285302476,1867299053,1711460558,763593549.9,2015924609,2046910794,1824235370,1210367443
"LTF",0,0,0,0,0,0,0,0,0,0,0,0
"LMNB1",4918472.873,7944565.626,2477904.154,6938639.535,2217504.6,4389210.656,5341032.159,815955.3536,2852958.558,3412817.73,12007804.36,3674145.713
"LRG1",613157104.8,282950695.5,343808692.8,213780009.3,662572431.6,638883133.9,321135340.7,430058999.4,979654210.9,740460309.2,569160853.4,940958195.9
"SERPINB1",168223.5533,168223.5533,581654.6688,289035.842,168223.5533,85556.18356,177319.2888,92753.56601,131743.5519,168223.5533,167121.4241,168223.5533
"AJUBA",745629949.1,409716006.1,100366389.1,43440135.04,859209537.8,811433025.4,624111216.2,520895438.8,269905309.3,272656972.2,189029908.4,738135267.1
"LSAMP",365269.347,885524.7218,1049844.462,34150.74763,365269.347,46022.00609,137664.17,365150.0402,232276.5824,174477.0269,612508.2316,75744.71986
"LCN1",234179.9577,211432.0367,211432.0367,211432.0367,211432.0367,211432.0367,77814.02819,211432.0367,209140.651,140020.4849,165908.744,599905.5488
"LBP",6782835.007,6183361.641,4992651.799,391418.2444,1496628.887,2562782.724,2698751.553,1417783.942,3838637.013,6773007.388,3841828.905,5020207.619
"FCGR3A",4795301.644,4135035.755,3767118.924,3899703.732,991822.9727,1197950.156,2337622.242,2123896.628,1852710.133,3647553.782,3711019.372,1630454.907
"FCGR3B",1021631.469,1298177.827,1820437.586,933453.4365,1354974.42,466980.7604,1190372.736,802907.0631,464316.5484,2049722.027,1190372.736,1190372.736
"SELL",4284700.655,13666699.07,13449727.45,33353963.26,3951552.693,6065477.423,6420795.54,19811333,6293070.249,17518082.48,17032659.46,9995235.189
"LUM",137834821.5,225021125.9,296791056.2,259878725.4,309294922.2,365678154.7,92966924.45,214255239.8,218669639.6,285278099.4,568620085.7,290877111.2
"LYVE1",0,0,0,0,0,0,0,0,0,0,0,0
"CD58",793627.2963,555712.2312,201542.6042,658138.0984,276796.1747,251749.2769,387627.195,501580.3601,991716.3399,433827.8972,2111606.266,1070124.416
"LAMP1",615597.4851,349916.4949,450614.2163,303248.6559,294668.2534,293651.1269,812080.8421,1063875.018,922227.8465,797862.2785,2571360.174,1276569.414
"LAMP2",4019463.705,4878415.175,3302619.311,5926829.613,1428390.034,1904786.111,1286021.72,1864872.987,2818598.555,2435080.171,5780724.403,5279250.197
"MASP1",9590084.059,16614055.29,9564947.415,11796077.41,7864422.215,16124873.43,14834618.43,3923656.697,19374459.5,13445048.02,17083611.23,21471898.22
"MASP2",2954761.45,749405.0079,1289747.376,597766.8049,2142396.97,925762.1942,584870.1439,1449594.442,4069706.676,1964940.958,1570183.497,1089888.481
"MBL2",13409106.11,18830684.55,13445330.49,3617403.72,10599014.38,10401671.1,3176771.165,8276046.929,293755.7452,1589131.028,9467357.705,3578068.255
"DGCR8",100380195.3,39513021.51,127031139,72939487.12,168847076.5,141666562.1,86649855.03,56310119.38,42806587.56,122687575,127463677.1,85769735.27
"CD14",98346161.77,114604815.3,101354643.5,53734729.76,30814516.88,31058303.39,46518251.73,37972120.83,70899534.62,188178106.5,121077714.8,58477344.15
"MMRN2",636839.0018,1151376.13,2717026.369,2720710.33,1274291.068,708501.2791,1384956.726,1190231.529,1317640.795,2270685.111,3764968.427,3438513.236
"MYH13",313467.4417,118930.4379,253693.4887,23150.04155,133711.1067,121730.0354,124110.5633,404909.9038,124258.2847,8950.61174,81482.98911,31810.20507
"MYH9",0,0,0,0,0,0,0,0,0,0,0,0
"MTPN",3547316.018,367980.105,413941.8058,477029.7262,1147819.953,1147819.953,1147819.953,1147819.953,1150456.985,1147819.953,1468860.015,1147819.953
"DDAH1",1214517.319,5880417.498,2326336.131,837403.2838,1055102.934,1556092.252,1233371.015,725142.094,644464.143,972629.8163,2196039.904,1278787.35
"PGLYRP2",49982698.89,131047872,212668959.7,85696070.32,36627648.49,118940049.1,104493665.5,50989835.07,34420552.18,156948188.4,158390137.1,38185785.08
"NCAM1",1022301.902,2078746.421,3395678.765,2451779.855,2841844.909,1884340.498,2284573.325,1686197.653,1696001.933,2739919.836,5125927.8,2612212.186
"CHL1",1997628.652,1924361.237,1486528.825,2360195.518,1383668.189,5085172.456,2092069.499,634216.4158,1621399.581,1813798.253,4424904.42,3065272.245
"DEFA1B",169371.256,267324.1684,766872.5762,634251.3112,161488.6653,3476316.002,772694.4569,499759.1316,81492.00833,353449.5882,1285811.971,2078289.08
"DEFA3",169371.256,267324.1684,766872.5762,634251.3112,161488.6653,3476316.002,771631.5519,499759.1316,81492.00833,353449.5882,1285811.971,2078289.08
"LCN2",0,0,0,0,0,0,0,0,0,0,0,0
"NFXL1",0,0,0,0,0,0,0,0,0,0,0,0
"NFKB1",819148.0297,1037467.83,135994.9952,1037467.83,2007530.173,75007.88089,2248662.932,422298.0071,1097075.206,1037467.83,514038.5755,3328031.807
"AMY2A",3101590.651,484330.9991,1138803.741,681014.2978,1157364.363,1157364.363,1157364.363,1157364.363,1157364.363,304095.5205,6528025.526,1157364.363
"VNN1",8618281.604,4460971.451,6386899.705,1330489.703,15838724.99,7630857.171,3250075.856,7735843.467,14884416.26,12257981.07,19373640.81,12674580.57
"PI16",4627436.916,2230685.672,5254021.566,9716661.853,4530998.058,12593285.16,1586932.08,5383199.992,26036332.04,16420037.56,50730488.97,3913866.613
"PPIA",66123.08093,24017.87984,169998.9045,25609.37861,42732.61399,47846.32002,53083.83485,47846.32002,47846.32002,47846.32002,47846.32002,47846.32002
"POSTN",191877.0357,859934.6567,653782.4169,1711125.351,485422.3913,260784.594,167063.1405,452649.9988,148364.2553,1387760.326,1845951.468,1813451.44
"PRDX2",4941511.486,6191462.615,5951118.3,8596796.418,1731458.143,4567464.054,3867473.478,6883916.024,4037578.798,7808492.687,19047669.85,16748657.43
"LCAT",214087701,189908979.4,234377564.3,295807870.9,202609882.2,174423747.3,206747131.1,104439586,64710482.73,293963492.6,494900565,256501610.7
"PIP5K1A",184309.813,102406.2523,244916.0393,199027.1656,172233.8112,1812237.143,238980.8999,100327.5039,154327.722,119782.7288,72466.69268,750623.6696
"PIP5K1B",185674.8862,102406.2523,244916.0393,199027.1656,172233.8112,1812237.143,238980.8999,100327.5039,154327.722,119782.7288,72466.69268,750623.6696
"PIP5K1C",187000.2489,102406.2523,244916.0393,199027.1656,172233.8112,1812237.143,238980.8999,100327.5039,154327.722,119782.7288,72466.69268,750623.6696
"GPLD1",5092040.318,13823475.96,9194743.567,7218298.589,3860254.648,10511213.65,4022494.549,2121484.845,3747526.649,11167851.26,23292293.54,9602741.801
"PLTP",409884.9526,1047670.649,5641862.254,408973.7966,864799.9066,1839088.4,1351944.436,1372734.723,1719897.683,2432155.137,2330585.104,1145154.499
"SERPINF1",59196616.65,69031638.31,120968816.5,35106889.06,42368335.85,71190718.77,53967156.92,45884481.94,42872144.1,64391529.77,98019404.51,68598105.8
"PKP1",0,0,0,0,0,0,0,0,0,0,0,0
"KLKB1",174841101.1,317579326,484085236.1,171586059.9,150818650.3,136039098.2,204455856.2,72990982.3,194896938.7,307165304.1,222066688.9,152779068.8
"SERPING1",92834232.86,105914969.4,184662205.7,213215352,250266294.2,218508098.9,107707527,460383873.4,145189925.6,113435055.8,340873013,203014734.4
"PLG",820502320,1721149684,2763103674,868741085,555863767,834245693,745090086.8,729853555.1,801004684.5,1413820095,1225125648,674470975.2
"PLGLB1",12653204.98,55311397.33,19487192.65,4472899.577,6287739.219,1934900.342,2312622.125,6287739.219,7864382.568,10026449.68,6287739.219,1983595.234
"LCP1",19584349.07,11632148.37,50301729.42,129893070.1,63158274.04,41071086.35,77945017.98,123942003.6,89740331.26,23629028.31,111581873.5,162371411.7
"PLS3",292005.0152,1525560.985,1707451.95,952065.2016,1429277.259,1052856.522,2063832.182,230419.1656,675784.7779,584158.7631,802392.4801,283717.6094
"PPBP",690140.505,701987.0717,330153.2023,1013739.878,761643.6389,1235528.854,4508031.107,4257414.577,2191477.128,725820.8031,531067.52,7548287.796
"PF4",424784.5637,689003.1992,369642.1493,900922.1349,369642.1493,811304.7513,88961.03831,461634.9137,417972.8188,323190.6666,169027.7032,237658.6038
"GP1BA",5242517.395,3976031.008,5074556.916,4985285.088,4057800.24,3217227.453,3457481.628,3388878.168,4868106.224,6305498.58,7235454.466,6604682.152
"PVR",879641.3025,972711.3511,222940.5533,2892936.282,2496108.97,2790415.761,1721561.361,945648.0324,959446.3088,3568783.433,1994262.711,927450.8882
"PIGR",739077.1,3967424.643,3529033.475,6816673.472,3612466.178,2861593.093,25479358.9,2073899.513,772272.1049,4883337.431,4748762.249,1627135.399
"KCNRG",193563.6271,465899.078,753829.9621,407319.0207,404909.8317,268404.4211,498192.7639,269502.0109,65695.54826,269502.0109,222739.2556,269502.0109
"POTEE",457637424.8,120106676,2627737.84,4555286.751,2891500.976,14286898.53,6101531.689,1831610.149,4721931.173,1848712.979,10526679.78,4133753.369
"POTEF",445792249.3,114789069.7,2309686.585,4555286.751,2698565.677,14286898.53,6101531.689,1831610.149,4721931.173,1848712.979,10526679.78,4133753.369
"POTEI",377331000.4,87941456.65,1537073.321,4090572.643,2698565.677,11292229.85,5062643.203,1612308.416,4311272.339,1848712.979,4912947.512,2277428.162
"POTEJ",356494941,78606500.73,1537073.321,4090572.643,2698565.677,10830992.42,4969846.669,1612308.416,3816375.03,1677271.142,4283846.418,1919185.382
"PZP",116589300.9,83149516.77,52121924.65,24905846.22,74671019.63,27068072.89,95862460.1,18436315.38,61942507.83,23590153.89,115015921.4,79136986.48
"GPR27",95325.92485,470172.0215,2571723.677,1894008.816,435174.0426,1343729.89,1273664.251,991379.2433,327540.5693,141346.0283,280821.5585,2084942.857
"IGHV3-16",4277434.613,706257.2233,1815822.445,3953998.27,2245712.559,619267.7042,2564227.201,2558960.224,86262.57683,608979.311,6435304.325,3295645.997
"PFN1",33830215.98,9302326.468,145425.4986,78868.19924,1519165.614,123022.1287,57945.72239,594675.2521,393272.9261,594675.2521,671174.9605,594675.2521
"FAP",118608.4926,44051.95166,212377.7573,118608.4926,118608.4926,37731.87336,507251.097,118608.4926,118608.4926,118608.4926,96701.66163,110933.9644
"CFP",236922.1643,1377013.006,3413188.065,5689990.894,5304040.647,1760214.138,9769647.415,12699169.91,5487502.023,1324618.604,717190.3232,3624999.036
"AMBP",532674551.2,463965351.1,681055787.7,268307318.3,290542873.2,478130205.4,280725629,207339191.1,471099987.2,429988907.7,353688980.7,386538678.1
"CRAMP1",29246.32274,58337.56962,136913.088,265587.8217,223325.942,391833.1154,472682.7312,495165.1391,1390051.732,731811.7618,952983.0573,2122243.492
"P4HB",1059132.787,176087.6358,249422.9342,249422.9342,100160.2012,283420.5154,830827.5228,95409.57401,144541.3125,404179.0334,461527.9084,463983.0785
"FAM81B",757468.6795,936942.1603,190095.8148,645344.4718,1045050.468,1374098.609,1126755.888,540253.395,353236.666,645344.4718,185394.527,1313354.894
"S100A11",0,0,0,0,0,0,0,0,0,0,0,0
"S100A12",0,0,0,0,0,0,0,0,0,0,0,0
"S100A4",2005100.144,678823.805,1130350.812,835329.662,1130350.812,1275170.271,989140.107,996452.7624,1130350.812,938582.5377,1130350.812,3885635.075
"S100A6",1011056.751,399932.5666,571695.3886,406511.1658,380852.2939,415679.7764,415679.7764,217954.6783,373954.8089,417401.8536,939258.2094,1306002.479
"S100A8",2481454.916,3438289.651,4574431.271,4147740.439,961754.3833,6615417.283,3212966.812,503544.8745,2630604.833,3890455.037,1455528.099,2582938.555
"S100A9",2183789.515,905098.4604,901409.0072,1059607.537,1714770.194,6371598.354,6226022.744,330549.3047,471039.5077,748183.4638,325521.2919,4072490.946
"SERPINA10",732648.3079,4327671.383,8585388.224,1102365.694,374627.1461,1889151.057,2570335.236,1621264.536,1615412.018,1430030.938,3511640.094,3227366.222
"PRG4",3093214.608,11590073.9,21599710.9,4375748.467,3929332.22,9406634.834,3561602.195,2082726.044,5098475.436,4854133.854,2764202.829,5630316.751
"F2",822002411.8,1183457638,1521266952,437604549.5,378462745.4,606640439.6,692898529.2,353415615.9,767292710.6,792190497.6,766326684.9,439917994.3
"PKLR",0,0,0,0,0,0,0,0,0,0,0,0
"PKM",845333.7991,97809.98311,973318.4952,95385.37394,194625.4335,111577.0808,362138.528,282247.4075,189518.8858,70729.80106,530764.7335,176923.904
"AKT1",633552350.1,525835518.7,543633074.3,461915026.7,560077621.1,284595944,475254101.9,454835043.2,402822942.9,383268674.8,873102233.2,528133572.5
"AKT2",633552350.1,525835518.7,543633074.3,461915026.7,560077621.1,284595944,475254101.9,454835043.2,402822942.9,383268674.8,873102233.2,528133572.5
"AKT3",633552350.1,525835518.7,543633074.3,461915026.7,560077621.1,284595944,475254101.9,454835043.2,402822942.9,383268674.8,873102233.2,528133572.5
"RBP4",25827981.24,71807562.18,123521188.7,87009269.35,35541811.06,64319318.29,60976202.29,46914180.25,55424361.38,54558718.55,57596945.18,53286477.86
"CD163",23917.1727,976590.8838,2261273.462,1966329.476,2590791.833,1571410.527,2426976.711,2894911.464,724271.9688,958756.4583,4736531.509,2784826.11
"SCRN2",0,0,0,0,0,0,0,0,0,0,0,0
"SPP2",9434841.681,10366166.35,10404357.1,3041296.414,6123405.435,4551782.354,3278267.722,542882.1364,15038632.91,8668370.929,10281367.55,7125837.399
"SELENOP",338073.003,1817128.179,2271194.202,486214.0812,951864.7766,870774.5464,1397992.292,1080374.493,937688.858,1224096.852,1481354.268,1771101.709
"SEMA6D",2363490.257,2800736.104,5022407.855,2910712.892,1042762.676,2319341.225,798728.1369,1721332.096,1548273.463,3026903.207,2768148.373,1465946.733
"SRGN",800318.0771,538983.2381,352268.3785,248067.8287,314547.9862,170307.7395,352268.3785,117980.7912,494339.3814,337247.7608,940772.9742,623921.621
"ERN1",62403064.55,31926376.74,7845493.465,3178957.167,54321913.5,75212568.56,24592705.69,6127429.535,31427077.9,9210040.557,13576938.14,44041200.91
"TF",77063900118,93256377115,64501202448,89931525797,60327275358,82878227702,74312866625,60507975508,63212296314,1.24e+11,1.25e+11,61566900139
"SAA1",129724503.2,73811983.88,83294294.83,33129480.62,172119194.5,181230980.5,139265521.9,33484380.45,134258753.7,66232342.13,64070517.4,1050073479
"SAA2",0,0,0,0,0,0,0,0,0,0,0,0
"SAA4",2653378.517,7403686.433,2815129.28,72935.62288,3882695.271,2991638.567,9659605.35,537148.5246,3975354.591,2137036.316,3527212.54,2996955.535
"APCS",83551861.83,73462117.19,88285200.01,27138981.55,94640860.74,114251232.7,117568752.8,114813615.7,130805689.1,35871053.63,29637476.25,128319654
"PON1",107496803.2,383973891.8,359944255.6,199487177.7,214922301.9,240218216.7,299841983.5,179826946.4,277455015.6,302868527.6,278695890.2,233255236.9
"PON3",389103.2585,1000658.445,776348.0288,810185.3482,928748.7998,776348.0288,752259.9243,145798.3434,1103332.544,1856336.551,829612.8677,670442.1195
"SHBG",31314517.63,10169840.96,33609228.34,34424455.28,22202407.09,19266006.81,23384893.68,30307827.22,25955026.29,28486161.47,71701186.44,28042604.89
"SLC24A2",224166.878,184261.8965,221284.7234,216569.9932,212048.2358,121081.044,87266.99465,200700.8489,548613.6486,532868.829,258867.9854,503470.625
"SLC2A2",316456.3768,1142615.451,842458.8239,374482.1779,166659.171,294470.8158,479602.5598,1515087.104,213283.9214,727606.8304,537995.9165,763706.2117
"SPARC",0,0,0,0,0,0,0,0,0,0,0,0
"SPATS2L",2998214.762,1187559.704,4455910.014,1037636.229,683547.7873,1184702.882,733830.7412,1037636.229,2266815.508,863866.7948,2173387.501,397561.5597
"SOD1",1506372.46,314471.4149,1474182.631,955392.5363,209400.9209,519881.601,150335.5455,315940.4407,519881.601,54484.72057,989762.6896,1806958.04
"SBSN",0,0,0,0,0,0,0,0,0,0,0,0
"TLN1",13806885.5,6224896.511,15618.98484,1310622.041,482788.6465,861111.0318,238488.4254,163325.3005,110133.905,337141.4492,1494890.915,485349.6086
"TNXB",141421.8414,276144.1477,1542007.258,775871.3228,632065.2061,263434.5961,308387.1072,843685.3771,67120.0633,2396192.799,5044326.063,798689.4878
"TEX28",759064.5741,361877.526,1590749.181,1057357.043,1844424.863,2286829.776,856759.8233,1322011.755,1562202.79,6347841.807,4187206.081,13249625.6
"CLEC3B",37236765.18,43012112.85,145221327.3,98660082.95,82250168.58,78509939.23,75134746.25,42990495.82,48689744.37,120671546.6,121337780.4,59469946.05
"TXN",0,0,0,0,0,0,0,0,0,0,0,0
"THBS1",9643137.782,6923869.242,16208203.49,7317763.484,3254739.41,6752822.85,3780615.146,3105250.884,4024630.866,8273803.754,15322371.02,1110205.236
"THBS2",0,0,0,0,0,0,0,0,0,0,0,0
"TMSB4X",0,0,0,0,0,0,0,0,0,0,0,0
"THRA",3371972.243,8427552.51,8427552.51,15284421.14,5365398.456,5085060.797,6907356.208,6972497.447,2730291.173,4356816.634,14593146.84,14159833.33
"SERPINA7",131849840.7,214308361.2,192344537.8,148624589.6,140110514.7,140284236.4,133955951.3,75097827.6,161962545.2,213298094,236148920.5,158764992
"TFRC",0,0,0,0,0,0,0,0,0,0,0,0
"TGFBI",8657023.577,9920534.009,19107359.91,15043528.57,5473209.099,6955137.424,14673159,8941390.435,5302712.496,5361801.755,9367662.932,7640646.354
"TAGLN2",11435151.85,3937950.169,1875460.717,3482592.944,2226265.564,477417.5397,1555994.666,798712.4136,3212274.665,2026488.975,1478446.827,1734657.305
"TMC8",1597653.203,2149997.355,2077080.224,2116898.902,2120002.231,1739335.355,1888637.561,1946604.906,2176629.372,2115659.065,8771099.653,2740032.392
"TMEM198",4463645.498,7035229.389,7345704.999,20928128.47,17030796.36,18999248.73,36150379.59,49138341.18,36683544.63,16889891.4,40882695.86,47574399.89
"TTR",1198731108,2895369105,6199468671,7588138210,2760244769,3894845736,1766910995,1902759979,2022455344,3419277313,4699948650,2365830141
"GART",2028263.442,1652354.004,2621601.126,3416207.522,7047834.617,7199442.292,3913436.21,6578575.307,4163922.776,11456866.7,18709497.2,4162174.441
"TPI1",13751395.27,1411199.467,400353.2254,1311274.426,1352765.242,2515220.518,1605282.913,316786.3165,1352765.242,2663678.817,2010449.06,689492.6757
"TRIM46",28283323.83,1838552.987,36325307.24,54582395.96,3960744.783,2628759.557,66412215.09,23820322.27,3541920.212,42910215.98,56449048.02,30843547.8
"TRIM55",0,0,0,0,0,0,0,0,0,0,0,0
"TPM4",5773858.291,1859379.233,1712533.128,281016.3311,1712533.128,1545659.379,1712533.128,228538.7009,1712533.128,2210463.532,1712533.128,1712533.128
"TPM2",0,0,0,0,0,0,0,0,0,0,0,0
"ZSWIM9",46646956.04,14565681.34,55129904.64,16870364.11,61579178.25,32014305.7,27160420.45,45975165.79,26886398.32,31397903.06,66421588.52,30200609.9
"VCAM1",419275.3654,1350152.832,2176736.168,1864517.052,2859833.903,2301078.992,2028380.114,3350629.446,1232963.778,4437196.755,1908547.18,2705653.673
"VASN",3495085.435,676357.5178,1327440.724,480946.9914,840937.9321,840937.9321,224011.8614,93451.02923,598686.3256,1153290.518,1251483.5,1011477.223
"VCL",11398226.66,3011059.836,2199464.879,4237869.8,2525857.178,1755753.146,2226214.344,1148759.499,2474712.865,709493.933,4243784.625,1441980.989
"GC",6444197556,5072877290,8282066746,7406058561,6924787474,8206271658,5566778780,6225167684,9274133278,11264754952,8172224264,8482328298
"PROC",9265904.707,10433493.01,15849446.69,10368644.63,11344434.95,10391707.23,4911186.142,3827060.987,11253301.47,8001802.852,9190465.854,7035031.028
"PROS1",170314805.3,180519451.6,281826024.1,80839287.21,98354451.18,111704572.1,133792652.6,59632408.4,113905321.2,143267530.7,135462313.1,117785008
"PROZ",381020.4906,12080177.54,7438631.277,9711789.224,5496761.834,8521574.228,5271963.075,939607.6553,8558161.808,8377066.994,8350061.611,4454154.051
"VTN",462264325.6,464364919.2,740350756.8,522842290.2,434842987.9,512781760,388112754.1,229675702.7,314550828.5,480260399.6,358410597.7,291624191.9
"PEPD",2285678.853,2071117.875,4993156.093,4202701.454,1667778.193,3408523.368,5244019.775,2789370.852,4914515.488,6441485.316,10616480.9,39911827.62
"ZMAT4",315104.5403,54690.41576,143180.8382,164265.7681,2559801.515,315104.5403,244134.758,315104.5403,362899.8355,315104.5403,1071245.956,267832.4903
"ZMYM6",218673.9974,554242.4875,816550.5353,41208.69152,535969.6638,1109145.068,34576.09765,1032596.044,541853.0257,1924608.407,1098421.354,955468.1501
"AZGP1",811720468.6,837999234.9,716684480.5,464354754.3,796809012.1,1285709197,930714770.6,599605827.7,1100166043,855618972.2,1225432664,1048018500
